40,哲学学士,12800,60,本科,哲学,哲学类,哲学,四年
51,哲学学士,17800,49,本科,哲学,哲学类,逻辑学,四年
32,哲学学士,12200,68,本科,哲学,哲学类,宗教学,四年
0,哲学学士,11600,0,本科,哲学,哲学类,伦理学,四年
38,经济学学士,12100,62,本科,经济学,经济学类,经济学,四年
33,经济学学士,11500,67,本科,经济学,经济学类,经济统计学,四年
38,经济学学士,12100,62,本科,经济学,经济学类,国民经济管理,四年
44,经济学学士,21300,56,本科,经济学,经济学类,资源与环境经济学,四年
0,经济学学士,14600,0,本科,经济学,经济学类,商务经济学,四年
43,经济学学士,13100,57,本科,经济学,经济学类,能源经济,四年
0,经济学学士,0,0,本科,经济学,经济学类,劳动经济学,四年
0,经济学学士,0,0,本科,经济学,经济学类,经济工程,四年
0,经济学学士,0,0,本科,经济学,经济学类,数字经济,四年
29,经济学学士,11000,71,本科,经济学,财政学类,财政学,四年
28,经济学学士,12100,72,本科,经济学,财政学类,税收学,四年
0,经济学学士,0,0,本科,经济学,财政学类,国际税收,四年
36,经济学学士,13500,64,本科,经济学,金融学类,金融学,四年
43,经济学学士,16600,57,本科,经济学,金融学类,金融工程,四年
35,经济学学士,14200,65,本科,经济学,金融学类,保险学,四年
45,经济学学士,14500,55,本科,经济学,金融学类,投资学,四年
42,经济学学士,13200,58,本科,经济学,金融学类,金融数学,四年
32,经济学学士,管理学学士,12300,68,本科,经济学,金融学类,信用管理,四年
35,经济学学士,15500,65,本科,经济学,金融学类,经济与金融,四年
0,经济学学士,理学学士,0,0,本科,经济学,金融学类,精算学,四年
0,经济学学士,0,0,本科,经济学,金融学类,互联网金融,四年
0,经济学学士,0,0,本科,经济学,金融学类,金融科技,四年
0,经济学学士,0,0,本科,经济学,金融学类,金融审计,四年
31,经济学学士,12400,69,本科,经济学,经济与贸易类,国际经济与贸易,四年
34,经济学学士,12000,66,本科,经济学,经济与贸易类,贸易经济,四年
0,经济学学士,0,0,本科,经济学,经济与贸易类,国际经济发展合作,四年
37,法学学士,12000,63,本科,法学,法学类,法学,四年
36,法学学士,13400,64,本科,法学,法学类,知识产权,四年
80,法学学士,9200,20,本科,法学,法学类,监狱学,四年
0,法学学士,0,0,本科,法学,法学类,信用风险管理与法律防控,四年
0,法学学士,0,0,本科,法学,法学类,国际经贸规则,四年
0,法学学士,0,0,本科,法学,法学类,司法警察学,四年
0,法学学士,0,0,本科,法学,法学类,社区矫正,四年
0,法学学士,0,0,本科,法学,法学类,纪检监察,四年
0,法学学士,0,0,本科,法学,法学类,国际法,四年
0,法学学士,0,0,本科,法学,法学类,司法鉴定学,四年
0,法学学士,0,0,本科,法学,法学类,国家安全学,四年
0,法学学士,0,0,本科,法学,法学类,海外利益安全,四年
37,法学学士,10800,63,本科,法学,政治学类,政治学与行政学,四年
33,法学学士,12200,67,本科,法学,政治学类,国际政治,四年
23,法学学士,15400,77,本科,法学,政治学类,外交学,四年
29,法学学士,17000,71,本科,法学,政治学类,国际事务与国际关系,四年
28,法学学士,13600,72,本科,法学,政治学类,政治学、经济学与哲学,四年
0,法学学士,0,0,本科,法学,政治学类,国际组织与全球治理,四年
33,法学学士,12000,67,本科,法学,社会学类,社会学,四年
30,法学学士,9600,70,本科,法学,社会学类,社会工作,四年
26,法学学士,10800,74,本科,法学,社会学类,人类学,四年
0,法学学士,8100,100,本科,法学,社会学类,女性学,四年
9,法学学士,8400,91,本科,法学,社会学类,家政学,四年
0,法学学士,0,0,本科,法学,社会学类,老年学,四年
0,法学学士,0,0,本科,法学,社会学类,社会政策,四年
34,法学学士,10300,66,本科,法学,民族学类,民族学,四年
67,法学学士,10700,33,本科,法学,马克思主义理论类,科学社会主义,四年
32,法学学士,12900,68,本科,法学,马克思主义理论类,中国共产党历史,四年
21,法学学士,10100,79,本科,法学,马克思主义理论类,思想政治教育,四年
0,法学学士,0,0,本科,法学,马克思主义理论类,马克思主义理论,四年
0,法学学士,0,0,本科,法学,马克思主义理论类,工会学,四年
80,法学学士,9700,20,本科,法学,公安学类,治安学,四年
83,法学学士,10600,17,本科,法学,公安学类,侦查学,四年
83,法学学士,11100,17,本科,法学,公安学类,边防管理,四年
68,法学学士,7900,32,本科,法学,公安学类,禁毒学,四年
85,法学学士,11400,15,本科,法学,公安学类,警犬技术,四年
78,法学学士,15100,22,本科,法学,公安学类,经济犯罪侦查,四年
0,法学学士,10700,0,本科,法学,公安学类,边防指挥,四年
0,法学学士,11500,0,本科,法学,公安学类,消防指挥,四年
0,法学学士,10900,0,本科,法学,公安学类,警卫学,四年
88,法学学士,11400,12,本科,法学,公安学类,公安情报学,四年
88,法学学士,11300,12,本科,法学,公安学类,犯罪学,四年
76,法学学士,10700,24,本科,法学,公安学类,公安管理学,四年
77,法学学士,11500,23,本科,法学,公安学类,涉外警务,四年
88,法学学士,10200,12,本科,法学,公安学类,国内安全保卫,四年
86,法学学士,11100,14,本科,法学,公安学类,警务指挥与战术,四年
0,法学学士,0,0,本科,法学,公安学类,技术侦查学,四年
0,法学学士,0,0,本科,法学,公安学类,海警执法,四年
0,法学学士,0,0,本科,法学,公安学类,公安政治工作,四年
0,法学学士,0,0,本科,法学,公安学类,移民管理,四年
0,法学学士,0,0,本科,法学,公安学类,出入境管理,四年
0,法学学士,0,0,本科,法学,公安学类,反恐警务,四年
0,法学学士,0,0,本科,法学,公安学类,消防政治工作,四年
0,法学学士,0,0,本科,法学,公安学类,铁路警务,四年
17,教育学学士,10700,83,本科,教育学,教育学类,教育学,四年
26,教育学学士,9700,74,本科,教育学,教育学类,科学教育,四年
22,教育学学士,9900,78,本科,教育学,教育学类,人文教育,四年
29,教育学学士,理学学士,工学学士,10100,71,本科,教育学,教育学类,教育技术学,四年
22,教育学学士,艺术学学士,10400,78,本科,教育学,教育学类,艺术教育,四年
6,教育学学士,9800,94,本科,教育学,教育学类,学前教育,四年
9,教育学学士,9000,91,本科,教育学,教育学类,小学教育,四年
22,教育学学士,10200,78,本科,教育学,教育学类,特殊教育,四年
67,教育学学士,13300,33,本科,教育学,教育学类,华文教育,四年
0,教育学学士,0,0,本科,教育学,教育学类,教育康复学,四年
0,教育学学士,0,0,本科,教育学,教育学类,卫生教育,四年
0,教育学学士,0,0,本科,教育学,教育学类,认知科学与技术,四年
0,教育学学士,0,0,本科,教育学,教育学类,融合教育,四年
0,教育学学士,0,0,本科,教育学,教育学类,劳动教育,四年
0,教育学学士,0,0,本科,教育学,教育学类,家庭教育,四年
0,教育学学士,0,0,本科,教育学,教育学类,孤独症儿童教育,四年
79,教育学学士,10400,21,本科,教育学,体育学类,体育教育,四年
72,教育学学士,9600,28,本科,教育学,体育学类,运动训练,四年
81,教育学学士,11600,19,本科,教育学,体育学类,社会体育指导与管理,四年
81,教育学学士,10300,19,本科,教育学,体育学类,武术与民族传统体育,四年
60,教育学学士,11400,40,本科,教育学,体育学类,运动人体科学,四年
56,教育学学士,理学学士,11700,44,本科,教育学,体育学类,运动康复,四年
79,教育学学士,8000,21,本科,教育学,体育学类,休闲体育,四年
0,教育学学士,0,0,本科,教育学,体育学类,体能训练,四年
0,教育学学士,0,0,本科,教育学,体育学类,冰雪运动,四年
0,教育学学士,0,0,本科,教育学,体育学类,电子竞技运动与管理,四年
0,教育学学士,工学学士,0,0,本科,教育学,体育学类,智能体育工程,四年
0,教育学学士,0,0,本科,教育学,体育学类,体育旅游,四年
0,教育学学士,理学学士,0,0,本科,教育学,体育学类,运动能力开发,四年
0,教育学学士,0,0,本科,教育学,体育学类,足球运动,四年
0,教育学学士,0,0,本科,教育学,体育学类,马术运动与管理,四年
0,教育学学士,0,0,本科,教育学,体育学类,体育康养,四年
16,文学学士,10900,84,本科,文学,中国语言文学类,汉语言文学,四年
22,文学学士,10900,78,本科,文学,中国语言文学类,汉语言,四年
13,文学学士,11700,87,本科,文学,中国语言文学类,汉语国际教育,四年
37,文学学士,10100,63,本科,文学,中国语言文学类,中国少数民族语言文学,四年
24,文学学士,10500,76,本科,文学,中国语言文学类,古典文献学,四年
57,文学学士,12200,43,本科,文学,中国语言文学类,应用语言学,四年
18,文学学士,8800,82,本科,文学,中国语言文学类,秘书学,四年
0,文学学士,0,0,本科,文学,中国语言文学类,中国语言与文化,四年
0,文学学士,0,0,本科,文学,中国语言文学类,手语翻译,四年
0,文学学士,0,0,本科,文学,中国语言文学类,数字人文,四年
0,文学学士,0,0,本科,文学,中国语言文学类,中国古典学,四年
0,文学学士,0,0,本科,文学,中国语言文学类,汉学与中国学,四年
0,文学学士,0,0,本科,文学,中国语言文学类,应用中文,四年
0,文学学士,0,0,本科,文学,外国语言文学类,桑戈语,四年
11,文学学士,11900,89,本科,文学,外国语言文学类,英语,四年，五年
20,文学学士,11300,80,本科,文学,外国语言文学类,俄语,四年
17,文学学士,12800,83,本科,文学,外国语言文学类,德语,四年
15,文学学士,16500,85,本科,文学,外国语言文学类,法语,四年
19,文学学士,17900,81,本科,文学,外国语言文学类,西班牙语,四年
35,文学学士,19000,65,本科,文学,外国语言文学类,阿拉伯语,四年
20,文学学士,11200,80,本科,文学,外国语言文学类,日语,四年
38,文学学士,26900,62,本科,文学,外国语言文学类,波斯语,四年
15,文学学士,10100,85,本科,文学,外国语言文学类,朝鲜语,四年
0,文学学士,16400,0,本科,文学,外国语言文学类,菲律宾语,四年
0,文学学士,0,0,本科,文学,外国语言文学类,语言学,四年
0,文学学士,0,0,本科,文学,外国语言文学类,塔玛齐格特语,四年
0,文学学士,0,0,本科,文学,外国语言文学类,爪哇语,四年
0,文学学士,0,0,本科,文学,外国语言文学类,旁遮普语,四年
0,文学学士,16700,0,本科,文学,外国语言文学类,梵语巴利语,四年
21,文学学士,17900,79,本科,文学,外国语言文学类,印度尼西亚语,四年
22,文学学士,23600,78,本科,文学,外国语言文学类,印地语,四年
22,文学学士,13600,78,本科,文学,外国语言文学类,柬埔寨语,四年
12,文学学士,12300,88,本科,文学,外国语言文学类,老挝语,四年
26,文学学士,21000,74,本科,文学,外国语言文学类,缅甸语,四年
6,文学学士,13800,94,本科,文学,外国语言文学类,马来语,四年
0,文学学士,10900,0,本科,文学,外国语言文学类,蒙古语,四年
0,文学学士,16100,0,本科,文学,外国语言文学类,僧伽罗语,四年
12,文学学士,13900,88,本科,文学,外国语言文学类,泰语,四年
0,文学学士,15600,0,本科,文学,外国语言文学类,乌尔都语,四年
0,文学学士,16500,0,本科,文学,外国语言文学类,希伯来语,四年
27,文学学士,13000,73,本科,文学,外国语言文学类,越南语,四年
0,文学学士,16800,0,本科,文学,外国语言文学类,豪萨语,四年
25,文学学士,17700,75,本科,文学,外国语言文学类,斯瓦希里语,四年
0,文学学士,15800,0,本科,文学,外国语言文学类,阿尔巴尼亚语,四年
0,文学学士,15000,0,本科,文学,外国语言文学类,保加利亚语,四年
0,文学学士,14900,0,本科,文学,外国语言文学类,波兰语,四年
19,文学学士,18100,81,本科,文学,外国语言文学类,捷克语,四年
0,文学学士,15500,0,本科,文学,外国语言文学类,斯洛伐克语,四年
0,文学学士,15300,0,本科,文学,外国语言文学类,罗马尼亚语,四年
20,文学学士,23400,80,本科,文学,外国语言文学类,葡萄牙语,四年
13,文学学士,15400,87,本科,文学,外国语言文学类,瑞典语,四年
100,文学学士,15000,0,本科,文学,外国语言文学类,塞尔维亚语,四年
24,文学学士,14800,76,本科,文学,外国语言文学类,土耳其语,四年
16,文学学士,15800,84,本科,文学,外国语言文学类,希腊语,四年
9,文学学士,15300,91,本科,文学,外国语言文学类,匈牙利语,四年
18,文学学士,16000,82,本科,文学,外国语言文学类,意大利语,四年
0,文学学士,16400,0,本科,文学,外国语言文学类,泰米尔语,四年
17,文学学士,16700,83,本科,文学,外国语言文学类,普什图语,四年
0,文学学士,15000,0,本科,文学,外国语言文学类,世界语,四年
0,文学学士,15500,0,本科,文学,外国语言文学类,孟加拉语,四年
14,文学学士,15500,86,本科,文学,外国语言文学类,尼泊尔语,四年
0,文学学士,15000,0,本科,文学,外国语言文学类,克罗地亚语,四年
17,文学学士,29300,83,本科,文学,外国语言文学类,荷兰语,四年
0,文学学士,15400,0,本科,文学,外国语言文学类,芬兰语,四年
0,文学学士,15600,0,本科,文学,外国语言文学类,乌克兰语,四年
0,文学学士,16100,0,本科,文学,外国语言文学类,挪威语,四年
0,文学学士,15200,0,本科,文学,外国语言文学类,丹麦语,四年
20,文学学士,16100,80,本科,文学,外国语言文学类,冰岛语,四年
0,文学学士,15100,0,本科,文学,外国语言文学类,爱尔兰语,四年
0,文学学士,16200,0,本科,文学,外国语言文学类,拉脱维亚语,四年
0,文学学士,15100,0,本科,文学,外国语言文学类,立陶宛语,四年
0,文学学士,16100,0,本科,文学,外国语言文学类,斯洛文尼亚语,四年
0,文学学士,15300,0,本科,文学,外国语言文学类,爱沙尼亚语,四年
0,文学学士,14800,0,本科,文学,外国语言文学类,马耳他语,四年
0,文学学士,16800,0,本科,文学,外国语言文学类,哈萨克语,四年
0,文学学士,16500,0,本科,文学,外国语言文学类,乌兹别克语,四年
0,文学学士,16600,0,本科,文学,外国语言文学类,祖鲁语,四年
0,文学学士,16300,0,本科,文学,外国语言文学类,拉丁语,四年
13,文学学士,10800,87,本科,文学,外国语言文学类,翻译,四年
14,文学学士,11600,86,本科,文学,外国语言文学类,商务英语,四年
0,文学学士,0,0,本科,文学,外国语言文学类,阿姆哈拉语,四年
0,文学学士,0,0,本科,文学,外国语言文学类,吉尔吉斯语,四年
0,文学学士,0,0,本科,文学,外国语言文学类,索马里语,四年
0,文学学士,0,0,本科,文学,外国语言文学类,土库曼语,四年
0,文学学士,0,0,本科,文学,外国语言文学类,加泰罗尼亚语,四年
0,文学学士,0,0,本科,文学,外国语言文学类,约鲁巴语,四年
0,文学学士,0,0,本科,文学,外国语言文学类,亚美尼亚语,四年
0,文学学士,0,0,本科,文学,外国语言文学类,马达加斯加语,四年
0,文学学士,0,0,本科,文学,外国语言文学类,格鲁吉亚语,四年
0,文学学士,0,0,本科,文学,外国语言文学类,阿塞拜疆语,四年
0,文学学士,0,0,本科,文学,外国语言文学类,阿非利卡语,四年
0,文学学士,0,0,本科,文学,外国语言文学类,马其顿语,四年
0,文学学士,0,0,本科,文学,外国语言文学类,塔吉克语,四年
0,文学学士,0,0,本科,文学,外国语言文学类,茨瓦纳语,四年
0,文学学士,0,0,本科,文学,外国语言文学类,恩德贝莱语,四年
0,文学学士,0,0,本科,文学,外国语言文学类,科摩罗语,四年
0,文学学士,0,0,本科,文学,外国语言文学类,克里奥尔语,四年
0,文学学士,0,0,本科,文学,外国语言文学类,绍纳语,四年
0,文学学士,0,0,本科,文学,外国语言文学类,提格雷尼亚语,四年
0,文学学士,0,0,本科,文学,外国语言文学类,白俄罗斯语,四年
0,文学学士,0,0,本科,文学,外国语言文学类,毛利语,四年
0,文学学士,0,0,本科,文学,外国语言文学类,汤加语,四年
0,文学学士,0,0,本科,文学,外国语言文学类,萨摩亚语,四年
0,文学学士,0,0,本科,文学,外国语言文学类,库尔德语,四年
0,文学学士,0,0,本科,文学,外国语言文学类,比斯拉马语,四年
0,文学学士,0,0,本科,文学,外国语言文学类,达里语,四年
0,文学学士,0,0,本科,文学,外国语言文学类,德顿语,四年
0,文学学士,0,0,本科,文学,外国语言文学类,迪维希语,四年
0,文学学士,0,0,本科,文学,外国语言文学类,斐济语,四年
0,文学学士,0,0,本科,文学,外国语言文学类,库克群岛毛利语,四年
0,文学学士,0,0,本科,文学,外国语言文学类,隆迪语,四年
0,文学学士,0,0,本科,文学,外国语言文学类,卢森堡语,四年
0,文学学士,0,0,本科,文学,外国语言文学类,卢旺达语,四年
0,文学学士,0,0,本科,文学,外国语言文学类,纽埃语,四年
0,文学学士,0,0,本科,文学,外国语言文学类,皮金语,四年
0,文学学士,0,0,本科,文学,外国语言文学类,切瓦语,四年
0,文学学士,0,0,本科,文学,外国语言文学类,塞苏陀语,四年
24,文学学士,12800,76,本科,文学,新闻传播学类,新闻学,四年
23,文学学士,13100,77,本科,文学,新闻传播学类,广播电视学,四年
29,文学学士,13500,71,本科,文学,新闻传播学类,广告学,四年
25,文学学士,13500,75,本科,文学,新闻传播学类,传播学,四年
20,文学学士,12100,80,本科,文学,新闻传播学类,编辑出版学,四年
36,文学学士,13500,64,本科,文学,新闻传播学类,网络与新媒体,四年
34,文学学士,13600,66,本科,文学,新闻传播学类,数字出版,四年
0,文学学士,0,0,本科,文学,新闻传播学类,时尚传播,四年
0,文学学士,0,0,本科,文学,新闻传播学类,国际新闻与传播,四年
0,文学学士,管理学学士,0,0,本科,文学,新闻传播学类,会展,四年
30,历史学学士,9700,70,本科,历史学,历史学类,历史学,四年
30,历史学学士,12200,70,本科,历史学,历史学类,世界史,四年
40,历史学学士,10900,60,本科,历史学,历史学类,考古学,四年
33,历史学学士,10800,67,本科,历史学,历史学类,文物与博物馆学,四年
33,历史学学士,9600,67,本科,历史学,历史学类,文物保护技术,四年
44,文学学士,历史学学士,10800,56,本科,历史学,历史学类,外国语言与外国历史,四年
0,历史学学士,0,0,本科,历史学,历史学类,文化遗产,四年
0,历史学学士,0,0,本科,历史学,历史学类,古文字学,四年
0,历史学学士,0,0,本科,历史学,历史学类,科学史,四年
37,理学学士,11900,63,本科,理学,数学类,数学与应用数学,四年
61,理学学士,13400,39,本科,理学,数学类,信息与计算科学,四年
78,理学学士,13800,22,本科,理学,数学类,数理基础科学,四年
0,理学学士,0,0,本科,理学,数学类,数据计算及应用,四年
56,理学学士,11600,44,本科,理学,物理学类,物理学,四年
77,理学学士,12200,23,本科,理学,物理学类,应用物理学,四年
88,理学学士,11900,12,本科,理学,物理学类,核物理,四年
77,理学学士,16000,23,本科,理学,物理学类,声学,四年
0,理学学士,0,0,本科,理学,物理学类,系统科学与工程,四年
0,理学学士,0,0,本科,理学,物理学类,量子信息科学,四年
34,理学学士,11200,66,本科,理学,化学类,化学,四年
56,理学学士,工学学士,10100,44,本科,理学,化学类,应用化学,四年
47,理学学士,10900,53,本科,理学,化学类,化学生物学,四年
56,理学学士,11300,44,本科,理学,化学类,分子科学与工程,四年
0,理学学士,0,0,本科,理学,化学类,能源化学,四年
0,理学学士,0,0,本科,理学,化学类,化学测量学与技术,四年
0,理学学士,0,0,本科,理学,化学类,资源化学,四年
80,理学学士,15400,20,本科,理学,天文学类,天文学,四年
31,理学学士,10500,69,本科,理学,地理科学类,地理科学,四年
47,理学学士,管理学学士,11800,53,本科,理学,地理科学类,自然地理与资源环境,四年
45,理学学士,管理学学士,11900,55,本科,理学,地理科学类,人文地理与城乡规划,四年
53,理学学士,12500,47,本科,理学,地理科学类,地理信息科学,四年
48,理学学士,13100,52,本科,理学,大气科学类,大气科学,四年
50,理学学士,13500,50,本科,理学,大气科学类,应用气象学,四年
0,理学学士,工学学士,0,0,本科,理学,大气科学类,气象技术与工程,四年
0,理学学士,0,0,本科,理学,大气科学类,地球系统科学,四年
55,理学学士,9700,45,本科,理学,海洋科学类,海洋科学,四年
64,理学学士,工学学士,11600,36,本科,理学,海洋科学类,海洋技术,四年
55,理学学士,11000,45,本科,理学,海洋科学类,海洋资源与环境,四年
0,理学学士,10500,0,本科,理学,海洋科学类,军事海洋学,四年
77,理学学士,14200,23,本科,理学,地球物理学类,地球物理学,四年
78,理学学士,工学学士,12600,22,本科,理学,地球物理学类,空间科学与技术,四年
0,工学学士,0,0,本科,理学,地球物理学类,防灾减灾科学与工程,四年
0,理学学士,0,0,本科,理学,地球物理学类,行星科学,四年
74,理学学士,13900,26,本科,理学,地质学类,地质学,四年
72,理学学士,13700,28,本科,理学,地质学类,地球化学,四年
66,理学学士,工学学士,14000,34,本科,理学,地质学类,地球信息科学与技术,四年
31,理学学士,13200,69,本科,理学,地质学类,古生物学,四年
29,理学学士,10900,71,本科,理学,生物科学类,生物科学,四年
47,理学学士,工学学士,10100,53,本科,理学,生物科学类,生物技术,四年
53,理学学士,工学学士,12700,47,本科,理学,生物科学类,生物信息学,四年
43,理学学士,9900,57,本科,理学,生物科学类,生态学,四年
0,理学学士,0,0,本科,理学,生物科学类,整合科学,四年
0,理学学士,0,0,本科,理学,生物科学类,神经科学,四年
22,教育学学士,理学学士,11800,78,本科,理学,心理学类,心理学,四年
28,教育学学士,理学学士,10800,72,本科,理学,心理学类,应用心理学,四年
33,理学学士,11800,67,本科,理学,统计学类,统计学,四年
36,理学学士,13300,64,本科,理学,统计学类,应用统计学,四年
0,理学学士,0,0,本科,理学,统计学类,数据科学,四年
0,理学学士,0,0,本科,理学,统计学类,生物统计学,四年
84,理学学士,工学学士,14600,16,本科,工学,力学类,理论与应用力学,四年
88,工学学士,12600,12,本科,工学,力学类,工程力学,四年
91,工学学士,13300,9,本科,工学,机械类,机械工程,四年
92,工学学士,11200,8,本科,工学,机械类,机械设计制造及其自动化,四年
84,工学学士,11600,16,本科,工学,机械类,材料成型及控制工程,四年
90,工学学士,12600,10,本科,工学,机械类,机械电子工程,四年
54,工学学士,12900,46,本科,工学,机械类,工业设计,四年
86,工学学士,12000,14,本科,工学,机械类,过程装备与控制工程,四年
90,工学学士,13000,10,本科,工学,机械类,车辆工程,四年
78,工学学士,11700,22,本科,工学,机械类,汽车服务工程,四年
67,工学学士,9300,33,本科,工学,机械类,机械工艺技术,四年
82,工学学士,11800,18,本科,工学,机械类,微机电系统工程,四年
66,工学学士,9300,34,本科,工学,机械类,机电技术教育,四年
74,工学学士,9500,26,本科,工学,机械类,汽车维修工程教育,四年
0,工学学士,0,0,本科,工学,机械类,智能制造工程,四年
0,工学学士,0,0,本科,工学,机械类,智能车辆工程,四年
0,工学学士,0,0,本科,工学,机械类,仿生科学与工程,四年
0,工学学士,0,0,本科,工学,机械类,新能源汽车工程,四年
0,工学学士,0,0,本科,工学,机械类,增材制造工程,四年
0,工学学士,0,0,本科,工学,机械类,智能交互设计,四年
0,工学学士,0,0,本科,工学,机械类,应急装备技术与工程,四年
0,工学学士,0,0,本科,工学,机械类,农林智能装备工程,四年
76,工学学士,12000,24,本科,工学,仪器类,测控技术与仪器,四年
0,工学学士,0,0,本科,工学,仪器类,精密仪器,四年
0,工学学士,0,0,本科,工学,仪器类,智能感知工程,四年
71,工学学士,12600,29,本科,工学,材料类,材料科学与工程,四年
75,理学学士,工学学士,12800,25,本科,工学,材料类,材料物理,四年
63,理学学士,工学学士,11500,37,本科,工学,材料类,材料化学,四年
89,工学学士,12500,11,本科,工学,材料类,冶金工程,四年
80,工学学士,11500,20,本科,工学,材料类,金属材料工程,四年
77,工学学士,10500,23,本科,工学,材料类,无机非金属材料工程,四年
68,工学学士,10800,32,本科,工学,材料类,高分子材料与工程,四年
72,工学学士,11500,28,本科,工学,材料类,复合材料与工程,四年
74,工学学士,12700,26,本科,工学,材料类,粉体材料科学与工程,四年
37,工学学士,10600,63,本科,工学,材料类,宝石及材料工艺学,四年
92,工学学士,12000,8,本科,工学,材料类,焊接技术与工程,四年，五年
66,工学学士,13200,34,本科,工学,材料类,功能材料,四年
57,工学学士,11500,43,本科,工学,材料类,纳米材料与技术,四年
78,工学学士,13100,22,本科,工学,材料类,新能源材料与器件,四年
0,工学学士,0,0,本科,工学,材料类,材料设计科学与工程,四年
0,工学学士,0,0,本科,工学,材料类,复合材料成型工程,四年
0,工学学士,0,0,本科,工学,材料类,智能材料与结构,四年
0,工学学士,0,0,本科,工学,材料类,光电信息材料与器件,四年
0,工学学士,0,0,本科,工学,材料类,生物材料,四年
0,工学学士,0,0,本科,工学,材料类,材料智能技术,四年
0,工学学士,0,0,本科,工学,材料类,电子信息材料,四年
0,工学学士,0,0,本科,工学,材料类,软物质科学与工程,四年
0,工学学士,0,0,本科,工学,材料类,稀土材料科学与工程,四年
84,工学学士,12800,16,本科,工学,能源动力类,能源与动力工程,四年
71,工学学士,15200,29,本科,工学,能源动力类,能源与环境系统工程,四年
72,工学学士,13400,28,本科,工学,能源动力类,新能源科学与工程,四年
0,工学学士,0,0,本科,工学,能源动力类,储能科学与工程,四年
0,工学学士,0,0,本科,工学,能源动力类,能源服务工程,四年
0,工学学士,0,0,本科,工学,能源动力类,氢能科学与工程,四年
0,工学学士,0,0,本科,工学,能源动力类,可持续能源,四年
82,工学学士,11300,18,本科,工学,电气类,电气工程及其自动化,四年
72,工学学士,14500,28,本科,工学,电气类,智能电网信息工程,四年
71,工学学士,18200,29,本科,工学,电气类,光源与照明,四年
80,工学学士,14700,20,本科,工学,电气类,电气工程与智能控制,四年
0,工学学士,0,0,本科,工学,电气类,电机电器智能化,四年
0,工学学士,0,0,本科,工学,电气类,电缆工程,四年
0,工学学士,0,0,本科,工学,电气类,能源互联网工程,四年
0,工学学士,0,0,本科,工学,电气类,智慧能源工程,四年
0,工学学士,0,0,本科,工学,电气类,电动载运工程,四年
0,工学学士,0,0,本科,工学,电气类,大功率半导体科学与工程,四年
73,理学学士,工学学士,12900,27,本科,工学,电子信息类,电子信息工程,四年
77,理学学士,工学学士,13200,23,本科,工学,电子信息类,电子科学与技术,四年
66,工学学士,13600,34,本科,工学,电子信息类,通信工程,四年
77,理学学士,工学学士,14400,23,本科,工学,电子信息类,微电子科学与工程,四年
77,理学学士,工学学士,13000,23,本科,工学,电子信息类,光电信息科学与工程,四年
71,工学学士,14300,29,本科,工学,电子信息类,信息工程,四年
46,工学学士,14400,54,本科,工学,电子信息类,广播电视工程,四年
74,工学学士,14300,26,本科,工学,电子信息类,水声工程,四年
78,工学学士,15900,22,本科,工学,电子信息类,电子封装技术,四年
84,工学学士,13700,16,本科,工学,电子信息类,集成电路设计与集成系统,四年
51,工学学士,12800,49,本科,工学,电子信息类,医学信息工程,四年
80,工学学士,16800,20,本科,工学,电子信息类,电磁场与无线技术,四年
74,工学学士,15100,26,本科,工学,电子信息类,电波传播与天线,四年
68,理学学士,工学学士,12700,32,本科,工学,电子信息类,电子信息科学与技术,四年
60,工学学士,14500,40,本科,工学,电子信息类,电信工程及管理,四年
55,工学学士,10800,45,本科,工学,电子信息类,应用电子技术教育,四年
70,工学学士,0,30,本科,工学,电子信息类,人工智能,四年
0,工学学士,0,0,本科,工学,电子信息类,海洋信息工程,四年
0,工学学士,0,0,本科,工学,电子信息类,柔性电子学,四年
0,工学学士,0,0,本科,工学,电子信息类,智能测控工程,四年
0,工学学士,0,0,本科,工学,电子信息类,智能视觉工程,四年
81,工学学士,12100,19,本科,工学,自动化类,自动化,四年
67,工学学士,12900,33,本科,工学,自动化类,轨道交通信号与控制,四年
0,工学学士,0,0,本科,工学,自动化类,机器人工程,四年
0,工学学士,0,0,本科,工学,自动化类,邮政工程,四年
0,工学学士,0,0,本科,工学,自动化类,核电技术与控制工程,四年
0,工学学士,0,0,本科,工学,自动化类,智能装备与系统,四年
0,工学学士,0,0,本科,工学,自动化类,工业智能,四年
0,工学学士,0,0,本科,工学,自动化类,智能工程与创意设计,四年
66,理学学士,工学学士,14200,34,本科,工学,计算机类,计算机科学与技术,四年
73,工学学士,16700,27,本科,工学,计算机类,软件工程,四年
71,工学学士,13200,29,本科,工学,计算机类,网络工程,四年
65,理学学士,工学学士,管理学学士,13800,35,本科,工学,计算机类,信息安全,四年
66,工学学士,17200,34,本科,工学,计算机类,物联网工程,四年
51,工学学士,12200,49,本科,工学,计算机类,数字媒体技术,四年
73,理学学士,工学学士,16600,27,本科,工学,计算机类,智能科学与技术,四年
63,工学学士,16500,37,本科,工学,计算机类,空间信息与数字技术,四年
79,工学学士,15000,21,本科,工学,计算机类,电子与计算机工程,四年
0,理学学士,工学学士,0,0,本科,工学,计算机类,数据科学与大数据技术,四年
0,工学学士,0,0,本科,工学,计算机类,网络空间安全,四年
0,工学学士,0,0,本科,工学,计算机类,新媒体技术,四年
0,工学学士,0,0,本科,工学,计算机类,电影制作,四年
0,工学学士,0,0,本科,工学,计算机类,保密技术,四年
0,工学学士,0,0,本科,工学,计算机类,服务科学与工程,四年
0,工学学士,0,0,本科,工学,计算机类,虚拟现实技术,四年
0,工学学士,0,0,本科,工学,计算机类,区块链工程,四年
0,工学学士,0,0,本科,工学,计算机类,密码科学与技术,四年
87,工学学士,13100,13,本科,工学,土木类,土木工程,四年
71,工学学士,13300,29,本科,工学,土木类,建筑环境与能源应用工程,四年
71,工学学士,12200,29,本科,工学,土木类,给排水科学与工程,四年
82,工学学士,13700,18,本科,工学,土木类,建筑电气与智能化,四年
83,工学学士,12700,17,本科,工学,土木类,城市地下空间工程,四年
91,工学学士,12400,9,本科,工学,土木类,道路桥梁与渡河工程,四年
0,工学学士,0,0,本科,工学,土木类,铁道工程,四年
0,工学学士,0,0,本科,工学,土木类,智能建造,四年
0,工学学士,0,0,本科,工学,土木类,土木、水利与海洋工程,四年
0,工学学士,0,0,本科,工学,土木类,土木、水利与交通工程,四年
0,工学学士,0,0,本科,工学,土木类,城市水系统工程,四年
0,工学学士,0,0,本科,工学,土木类,智能建造与智慧交通,四年
0,工学学士,0,0,本科,工学,土木类,工程软件,四年
79,工学学士,13000,21,本科,工学,水利类,水利水电工程,四年
63,工学学士,10800,37,本科,工学,水利类,水文与水资源工程,四年
82,工学学士,14900,18,本科,工学,水利类,港口航道与海岸工程,四年
76,工学学士,11900,24,本科,工学,水利类,水务工程,四年
0,工学学士,0,0,本科,工学,水利类,水利科学与工程,四年
0,工学学士,0,0,本科,工学,水利类,智慧水利,四年
79,工学学士,11500,21,本科,工学,测绘类,测绘工程,四年
66,工学学士,13200,34,本科,工学,测绘类,遥感科学与技术,四年
63,工学学士,12400,37,本科,工学,测绘类,导航工程,四年
58,工学学士,12200,42,本科,工学,测绘类,地理国情监测,四年
0,工学学士,0,0,本科,工学,测绘类,地理空间信息工程,四年
65,工学学士,10400,35,本科,工学,化工与制药类,化学工程与工艺,四年
43,工学学士,9900,57,本科,工学,化工与制药类,制药工程,四年
58,工学学士,8700,42,本科,工学,化工与制药类,资源循环科学与工程,四年
73,工学学士,13700,27,本科,工学,化工与制药类,能源化学工程,四年
70,工学学士,11300,30,本科,工学,化工与制药类,化学工程与工业生物工程,四年
0,工学学士,0,0,本科,工学,化工与制药类,化工安全工程,四年
0,工学学士,0,0,本科,工学,化工与制药类,涂料工程,四年
0,工学学士,0,0,本科,工学,化工与制药类,精细化工,四年
87,工学学士,11100,13,本科,工学,地质类,地质工程,四年
86,工学学士,12500,14,本科,工学,地质类,勘查技术与工程,四年
83,工学学士,12000,17,本科,工学,地质类,资源勘查工程,四年
69,工学学士,8600,31,本科,工学,地质类,地下水科学与工程,四年
0,工学学士,0,0,本科,工学,地质类,旅游地学与规划工程,四年
0,工学学士,0,0,本科,工学,地质类,智能地球探测,四年
0,工学学士,0,0,本科,工学,地质类,资源环境大数据工程,四年
99,工学学士,13300,1,本科,工学,矿业类,采矿工程,四年
81,工学学士,13700,19,本科,工学,矿业类,石油工程,四年
87,工学学士,10600,13,本科,工学,矿业类,矿物加工工程,四年
71,工学学士,11700,29,本科,工学,矿业类,油气储运工程,四年
87,工学学士,10800,13,本科,工学,矿业类,矿物资源工程,四年
85,工学学士,11800,15,本科,工学,矿业类,海洋油气工程,四年
0,工学学士,0,0,本科,工学,矿业类,智能采矿工程,四年
0,工学学士,0,0,本科,工学,矿业类,碳储科学与工程,四年
45,工学学士,11100,55,本科,工学,纺织类,纺织工程,四年
25,工学学士,艺术学学士,12000,75,本科,工学,纺织类,服装设计与工程,四年
64,工学学士,11500,36,本科,工学,纺织类,非织造材料与工程,四年
15,工学学士,10500,85,本科,工学,纺织类,服装设计与工艺教育,四年
0,工学学士,0,0,本科,工学,纺织类,丝绸设计与工程,四年
63,工学学士,10600,37,本科,工学,轻工类,轻化工程,四年
49,工学学士,11700,51,本科,工学,轻工类,包装工程,四年
55,工学学士,10600,45,本科,工学,轻工类,印刷工程,四年
0,工学学士,0,0,本科,工学,轻工类,香料香精技术与工程,四年
0,工学学士,0,0,本科,工学,轻工类,化妆品技术与工程,四年
0,工学学士,0,0,本科,工学,轻工类,生物质能源与材料,四年
69,工学学士,11400,31,本科,工学,交通运输类,交通运输,四年
75,工学学士,12000,25,本科,工学,交通运输类,交通工程,四年
98,工学学士,15200,2,本科,工学,交通运输类,航海技术,四年
98,工学学士,15000,2,本科,工学,交通运输类,轮机工程,四年
100,工学学士,22300,0,本科,工学,交通运输类,飞行技术,四年
75,工学学士,13500,25,本科,工学,交通运输类,交通设备与控制工程,四年
100,工学学士,14100,0,本科,工学,交通运输类,救助与打捞工程,四年
93,工学学士,31600,7,本科,工学,交通运输类,船舶电子电气工程,四年
0,工学学士,0,0,本科,工学,交通运输类,轨道交通电气与控制,四年
0,工学学士,0,0,本科,工学,交通运输类,邮轮工程与管理,四年
0,工学学士,0,0,本科,工学,交通运输类,智慧交通,四年
0,工学学士,0,0,本科,工学,交通运输类,智能运输工程,四年
86,工学学士,13600,14,本科,工学,海洋工程类,船舶与海洋工程,四年
88,工学学士,11400,12,本科,工学,海洋工程类,海洋工程与技术,四年
58,工学学士,10700,42,本科,工学,海洋工程类,海洋资源开发技术,四年
0,工学学士,0,0,本科,工学,海洋工程类,海洋机器人,四年
0,工学学士,0,0,本科,工学,海洋工程类,智慧海洋技术,四年
0,工学学士,0,0,本科,工学,海洋工程类,智能海洋装备,四年
82,工学学士,17300,18,本科,工学,航空航天类,航空航天工程,四年
86,工学学士,14300,14,本科,工学,航空航天类,飞行器设计与工程,四年
90,工学学士,12300,10,本科,工学,航空航天类,飞行器制造工程,四年
92,工学学士,14300,8,本科,工学,航空航天类,飞行器动力工程,四年
71,工学学士,13800,29,本科,工学,航空航天类,飞行器环境与生命保障工程,四年
71,工学学士,11700,29,本科,工学,航空航天类,飞行器质量与可靠性,四年
67,工学学士,14400,33,本科,工学,航空航天类,飞行器适航技术,四年
0,工学学士,0,0,本科,工学,航空航天类,飞行器控制与信息工程,四年
0,工学学士,0,0,本科,工学,航空航天类,无人驾驶航空器系统工程,四年
0,工学学士,0,0,本科,工学,航空航天类,智能飞行器技术,四年
0,工学学士,0,0,本科,工学,航空航天类,空天智能电推进技术,四年
0,工学学士,0,0,本科,工学,航空航天类,飞行器运维工程,四年
88,工学学士,10100,12,本科,工学,兵器类,武器系统与工程,四年
92,工学学士,10100,8,本科,工学,兵器类,武器发射工程,四年
81,工学学士,11800,19,本科,工学,兵器类,探测制导与控制技术,四年
93,工学学士,10200,7,本科,工学,兵器类,弹药工程与爆炸技术,四年
83,工学学士,11000,17,本科,工学,兵器类,特种能源技术与工程,四年
95,工学学士,12200,5,本科,工学,兵器类,装甲车辆工程,四年
77,工学学士,13900,23,本科,工学,兵器类,信息对抗技术,四年
0,工学学士,0,0,本科,工学,兵器类,智能无人系统技术,四年
85,工学学士,12600,15,本科,工学,核工程类,核工程与核技术,四年
67,工学学士,13800,33,本科,工学,核工程类,辐射防护与核安全,四年
84,工学学士,16900,16,本科,工学,核工程类,工程物理,四年
90,工学学士,9200,10,本科,工学,核工程类,核化工与核燃料工程,四年
62,工学学士,10800,38,本科,工学,农业工程类,农业工程,四年
87,工学学士,10800,13,本科,工学,农业工程类,农业机械化及其自动化,四年
74,工学学士,9700,26,本科,工学,农业工程类,农业电气化,四年
71,工学学士,11700,29,本科,工学,农业工程类,农业建筑环境与能源工程,四年
71,工学学士,11300,29,本科,工学,农业工程类,农业水利工程,四年
0,工学学士,0,0,本科,工学,农业工程类,土地整治工程,四年
0,工学学士,0,0,本科,工学,农业工程类,农业智能装备工程,四年
82,工学学士,11200,18,本科,工学,林业工程类,森林工程,四年
57,工学学士,11900,43,本科,工学,林业工程类,木材科学与工程,四年
62,工学学士,11100,38,本科,工学,林业工程类,林产化工,四年
0,工学学士,0,0,本科,工学,林业工程类,家具设计与工程,四年
0,工学学士,0,0,本科,工学,林业工程类,木结构建筑与材料,四年
61,工学学士,11800,39,本科,工学,环境科学与工程类,环境科学与工程,四年
54,工学学士,11100,46,本科,工学,环境科学与工程类,环境工程,四年
46,理学学士,工学学士,10600,54,本科,工学,环境科学与工程类,环境科学,五年，四年
49,工学学士,11300,51,本科,工学,环境科学与工程类,环境生态工程,四年
65,工学学士,11000,35,本科,工学,环境科学与工程类,环保设备工程,四年
54,理学学士,工学学士,11500,46,本科,工学,环境科学与工程类,资源环境科学,四年
67,工学学士,12100,33,本科,工学,环境科学与工程类,水质科学与技术,四年
54,理学学士,工学学士,12600,46,本科,工学,生物医学工程类,生物医学工程,五年，四年
27,工学学士,13300,73,本科,工学,生物医学工程类,假肢矫形工程,四年
0,工学学士,0,0,本科,工学,生物医学工程类,临床工程技术,四年
0,工学学士,0,0,本科,工学,生物医学工程类,康复工程,四年
0,工学学士,0,0,本科,工学,生物医学工程类,健康科学与技术,四年
38,工学学士,农学学士,9900,62,本科,工学,食品科学与工程类,食品科学与工程,四年
32,工学学士,9700,68,本科,工学,食品科学与工程类,食品质量与安全,四年
48,工学学士,9300,52,本科,工学,食品科学与工程类,粮食工程,四年
44,工学学士,6300,56,本科,工学,食品科学与工程类,乳品工程,四年
44,工学学士,10600,56,本科,工学,食品科学与工程类,酿酒工程,四年
39,工学学士,10800,61,本科,工学,食品科学与工程类,葡萄与葡萄酒工程,四年
21,工学学士,7900,79,本科,工学,食品科学与工程类,食品营养与检验教育,四年
31,工学学士,9600,69,本科,工学,食品科学与工程类,烹饪与营养教育,四年
0,工学学士,0,0,本科,工学,食品科学与工程类,食品安全与检测,四年
0,工学学士,0,0,本科,工学,食品科学与工程类,食品营养与健康,四年
0,工学学士,0,0,本科,工学,食品科学与工程类,食用菌科学与工程,四年
0,工学学士,0,0,本科,工学,食品科学与工程类,白酒酿造工程,四年
0,工学学士,0,0,本科,工学,食品科学与工程类,咖啡科学与工程,四年
62,工学学士,17200,38,本科,工学,建筑类,建筑学,五年，四年
52,工学学士,13000,48,本科,工学,建筑类,城乡规划,五年，四年
36,工学学士,艺术学学士,14000,64,本科,工学,建筑类,风景园林,五年，四年
39,工学学士,12700,61,本科,工学,建筑类,历史建筑保护工程,五年，四年
0,工学学士,0,0,本科,工学,建筑类,人居环境科学与技术,四年
0,工学学士,0,0,本科,工学,建筑类,城市设计,四年
0,工学学士,0,0,本科,工学,建筑类,智慧建筑与建造,四年
71,工学学士,12500,29,本科,工学,安全科学与工程类,安全工程,四年
0,工学学士,0,0,本科,工学,安全科学与工程类,应急技术与管理,四年
0,工学学士,0,0,本科,工学,安全科学与工程类,职业卫生工程,四年
0,工学学士,0,0,本科,工学,安全科学与工程类,安全生产监管,四年
54,工学学士,10200,46,本科,工学,生物工程类,生物工程,四年
41,工学学士,11400,59,本科,工学,生物工程类,生物制药,四年
0,工学学士,0,0,本科,工学,生物工程类,合成生物学,四年
84,工学学士,10100,16,本科,工学,公安技术类,刑事科学技术,四年
82,工学学士,13200,18,本科,工学,公安技术类,消防工程,四年
85,工学学士,14100,15,本科,工学,公安技术类,交通管理工程,四年
91,工学学士,14000,9,本科,工学,公安技术类,安全防范工程,四年
90,工学学士,11300,10,本科,工学,公安技术类,公安视听技术,四年
0,工学学士,11400,0,本科,工学,公安技术类,抢险救援指挥与技术,四年
0,工学学士,11700,0,本科,工学,公安技术类,火灾勘查,四年
85,工学学士,13600,15,本科,工学,公安技术类,网络安全与执法,四年
0,工学学士,11400,0,本科,工学,公安技术类,核生化消防,四年
0,工学学士,0,0,本科,工学,公安技术类,海警舰艇指挥与技术,四年
0,工学学士,0,0,本科,工学,公安技术类,数据警务技术,四年
0,工学学士,0,0,本科,工学,公安技术类,食品药品环境犯罪侦查技术,四年
0,工学学士,0,0,本科,工学,交叉工程类,未来机器人,四年
0,工学学士,0,0,本科,工学,交叉工程类,交叉工程,四年
53,农学学士,9400,47,本科,农学,植物生产类,农学,四年
37,农学学士,9700,63,本科,农学,植物生产类,园艺,四年
46,农学学士,9400,54,本科,农学,植物生产类,植物保护,四年
52,农学学士,10500,48,本科,农学,植物生产类,植物科学与技术,四年
53,农学学士,9900,47,本科,农学,植物生产类,种子科学与工程,四年
64,工学学士,农学学士,10400,36,本科,农学,植物生产类,设施农业科学与工程,四年
36,农学学士,10100,64,本科,农学,植物生产类,茶学,四年
61,农学学士,10800,39,本科,农学,植物生产类,烟草,四年
43,理学学士,农学学士,14200,57,本科,农学,植物生产类,应用生物科学,四年
43,农学学士,7700,57,本科,农学,植物生产类,农艺教育,四年
23,农学学士,11100,77,本科,农学,植物生产类,园艺教育,四年
0,农学学士,0,0,本科,农学,植物生产类,智慧农业,四年
0,农学学士,0,0,本科,农学,植物生产类,菌物科学与工程,四年
0,农学学士,0,0,本科,农学,植物生产类,农药化肥,四年
0,农学学士,0,0,本科,农学,植物生产类,生物农药科学与工程,四年
0,理学学士,0,0,本科,农学,植物生产类,生物育种科学,四年
0,农学学士,0,0,本科,农学,植物生产类,生物育种技术,四年
54,农学学士,10000,46,本科,农学,自然保护与环境生态类,农业资源与环境,四年
45,农学学士,8900,55,本科,农学,自然保护与环境生态类,野生动物与自然保护区管理,四年
60,农学学士,10500,40,本科,农学,自然保护与环境生态类,水土保持与荒漠化防治,四年
0,农学学士,0,0,本科,农学,自然保护与环境生态类,生物质科学与工程,四年
0,农学学士,0,0,本科,农学,自然保护与环境生态类,土地科学与技术,四年
0,农学学士,0,0,本科,农学,自然保护与环境生态类,湿地保护与恢复,四年
0,农学学士,管理学学士,0,0,本科,农学,自然保护与环境生态类,国家公园建设与管理,四年
0,农学学士,0,0,本科,农学,自然保护与环境生态类,生态修复学,四年
56,农学学士,9700,44,本科,农学,动物生产类,动物科学,四年
52,农学学士,8900,48,本科,农学,动物生产类,蚕学,四年
54,农学学士,10100,46,本科,农学,动物生产类,蜂学,四年
0,农学学士,0,0,本科,农学,动物生产类,经济动物学,四年
0,农学学士,0,0,本科,农学,动物生产类,马业科学,四年
0,工学学士,农学学士,0,0,本科,农学,动物生产类,饲料工程,四年
0,农学学士,0,0,本科,农学,动物生产类,智慧牧业科学与工程,四年
48,农学学士,10200,52,本科,农学,动物医学类,动物医学,五年，四年
47,农学学士,8900,53,本科,农学,动物医学类,动物药学,五年，四年
45,理学学士,农学学士,8500,55,本科,农学,动物医学类,动植物检疫,四年
0,农学学士,0,0,本科,农学,动物医学类,实验动物学,四年
0,农学学士,0,0,本科,农学,动物医学类,中兽医学,四年
0,农学学士,0,0,本科,农学,动物医学类,兽医公共卫生,五年
50,农学学士,10700,50,本科,农学,林学类,林学,四年
39,农学学士,11000,61,本科,农学,林学类,园林,四年
47,农学学士,10500,53,本科,农学,林学类,森林保护,四年
0,农学学士,0,0,本科,农学,林学类,经济林,四年
0,农学学士,0,0,本科,农学,林学类,智慧林业,四年
64,农学学士,9100,36,本科,农学,水产类,水产养殖学,四年
67,农学学士,10400,33,本科,农学,水产类,海洋渔业科学与技术,四年
52,农学学士,11600,48,本科,农学,水产类,水族科学与技术,四年
0,农学学士,0,0,本科,农学,水产类,水生动物医学,四年
50,农学学士,10500,50,本科,农学,草学类,草业科学,四年
0,农学学士,0,0,本科,农学,草学类,草坪科学与工程,四年
39,医学学士,12800,61,本科,医学,基础医学类,基础医学,五年
0,理学学士,0,0,本科,医学,基础医学类,生物医学,四年
0,理学学士,0,0,本科,医学,基础医学类,生物医学科学,四年
44,医学学士,13000,56,本科,医学,临床医学类,临床医学,五年
37,医学学士,11900,63,本科,医学,临床医学类,麻醉学,五年
35,医学学士,10400,65,本科,医学,临床医学类,医学影像学,五年
0,医学学士,12300,0,本科,医学,临床医学类,眼视光医学,五年
43,医学学士,10700,57,本科,医学,临床医学类,精神医学,五年
49,医学学士,13500,51,本科,医学,临床医学类,放射医学,五年
49,医学学士,0,51,本科,医学,临床医学类,儿科学,五年
34,医学学士,13000,66,本科,医学,口腔医学类,口腔医学,五年
36,医学学士,11600,64,本科,医学,公共卫生与预防医学类,预防医学,五年
27,理学学士,11600,73,本科,医学,公共卫生与预防医学类,食品卫生与营养学,四年
0,医学学士,11200,0,本科,医学,公共卫生与预防医学类,妇幼保健医学,五年
25,医学学士,11700,75,本科,医学,公共卫生与预防医学类,卫生监督,五年
32,理学学士,11300,68,本科,医学,公共卫生与预防医学类,全球健康学,四年
0,理学学士,0,0,本科,医学,公共卫生与预防医学类,运动与公共健康,四年
38,医学学士,11700,62,本科,医学,中医学类,中医学,五年
34,医学学士,10400,66,本科,医学,中医学类,针灸推拿学,五年
41,医学学士,11200,59,本科,医学,中医学类,藏医学,五年
40,医学学士,11600,60,本科,医学,中医学类,蒙医学,五年
32,医学学士,11100,68,本科,医学,中医学类,维医学,五年
39,医学学士,11000,61,本科,医学,中医学类,壮医学,五年
0,医学学士,11400,0,本科,医学,中医学类,哈医学,五年
0,医学学士,0,0,本科,医学,中医学类,傣医学,五年
0,医学学士,0,0,本科,医学,中医学类,回医学,五年
0,医学学士,0,0,本科,医学,中医学类,中医康复学,五年
0,医学学士,0,0,本科,医学,中医学类,中医养生学,五年
0,医学学士,0,0,本科,医学,中医学类,中医儿科学,五年
0,医学学士,0,0,本科,医学,中医学类,中医骨伤科学,五年
36,医学学士,11300,64,本科,医学,中西医结合类,中西医临床医学,五年
32,理学学士,11600,68,本科,医学,药学类,药学,四年
36,理学学士,9800,64,本科,医学,药学类,药物制剂,四年
40,理学学士,11400,60,本科,医学,药学类,临床药学,五年，四年
31,理学学士,13400,69,本科,医学,药学类,药事管理,四年
29,理学学士,10700,71,本科,医学,药学类,药物分析,四年
51,理学学士,12300,49,本科,医学,药学类,药物化学,四年
27,理学学士,9900,73,本科,医学,药学类,海洋药学,四年
0,理学学士,0,0,本科,医学,药学类,化妆品科学与技术,四年
30,理学学士,10200,70,本科,医学,中药学类,中药学,四年
39,理学学士,9100,61,本科,医学,中药学类,中药资源与开发,四年
44,理学学士,10800,56,本科,医学,中药学类,藏药学,五年，四年
46,理学学士,10800,54,本科,医学,中药学类,蒙药学,四年
38,理学学士,工学学士,9200,62,本科,医学,中药学类,中药制药,四年
42,理学学士,8900,58,本科,医学,中药学类,中草药栽培与鉴定,四年
56,医学学士,11900,44,本科,医学,法医学类,法医学,五年
25,理学学士,11900,75,本科,医学,医学技术类,医学检验技术,四年
34,理学学士,14600,66,本科,医学,医学技术类,医学实验技术,四年
35,理学学士,13200,65,本科,医学,医学技术类,医学影像技术,四年
32,理学学士,7600,68,本科,医学,医学技术类,眼视光学,四年
33,理学学士,9700,67,本科,医学,医学技术类,康复治疗学,四年
42,理学学士,11100,58,本科,医学,医学技术类,口腔医学技术,四年
35,理学学士,8800,65,本科,医学,医学技术类,卫生检验与检疫,四年
28,理学学士,11000,72,本科,医学,医学技术类,听力与言语康复学,五年，四年
0,理学学士,0,0,本科,医学,医学技术类,康复物理治疗,四年
0,理学学士,0,0,本科,医学,医学技术类,康复作业治疗,四年
0,工学学士,0,0,本科,医学,医学技术类,智能医学工程,四年
0,理学学士,0,0,本科,医学,医学技术类,生物医药数据科学,四年
0,工学学士,0,0,本科,医学,医学技术类,智能影像工程,四年
0,工学学士,0,0,本科,医学,医学技术类,医工学,四年
0,理学学士,10400,0,本科,医学,护理学类,护理学,四年
0,理学学士,0,0,本科,医学,护理学类,助产学,四年
39,理学学士,管理学学士,12500,61,本科,管理学,管理科学与工程类,管理科学,五年，四年
45,工学学士,管理学学士,13500,55,本科,管理学,管理科学与工程类,信息管理与信息系统,四年
57,工学学士,管理学学士,12800,43,本科,管理学,管理科学与工程类,工程管理,四年
48,管理学学士,14300,52,本科,管理学,管理科学与工程类,房地产开发与管理,四年
44,工学学士,管理学学士,12700,56,本科,管理学,管理科学与工程类,工程造价,四年
47,管理学学士,12900,53,本科,管理学,管理科学与工程类,保密管理,四年
0,管理学学士,0,0,本科,管理学,管理科学与工程类,邮政管理,四年
0,管理学学士,0,0,本科,管理学,管理科学与工程类,大数据管理与应用,四年
0,管理学学士,0,0,本科,管理学,管理科学与工程类,工程审计,四年
0,管理学学士,0,0,本科,管理学,管理科学与工程类,计算金融,四年
0,管理学学士,0,0,本科,管理学,管理科学与工程类,应急管理,四年
38,管理学学士,12500,62,本科,管理学,工商管理类,工商管理,四年
41,管理学学士,12800,59,本科,管理学,工商管理类,市场营销,四年
23,管理学学士,11100,77,本科,管理学,工商管理类,会计学,四年
25,管理学学士,11400,75,本科,管理学,工商管理类,财务管理,四年
26,管理学学士,12700,74,本科,管理学,工商管理类,国际商务,四年
27,管理学学士,11600,73,本科,管理学,工商管理类,人力资源管理,四年
27,管理学学士,12700,73,本科,管理学,工商管理类,审计学,四年
34,管理学学士,13700,66,本科,管理学,工商管理类,资产评估,四年
32,管理学学士,11400,68,本科,管理学,工商管理类,物业管理,四年
31,管理学学士,艺术学学士,12500,69,本科,管理学,工商管理类,文化产业管理,四年
36,管理学学士,12800,64,本科,管理学,工商管理类,劳动关系,四年
47,管理学学士,13200,53,本科,管理学,工商管理类,体育经济与管理,四年
18,管理学学士,9100,82,本科,管理学,工商管理类,财务会计教育,四年
24,管理学学士,8600,76,本科,管理学,工商管理类,市场营销教育,四年
0,管理学学士,0,0,本科,管理学,工商管理类,零售业管理,四年
0,管理学学士,0,0,本科,管理学,工商管理类,创业管理,四年
0,管理学学士,0,0,本科,管理学,工商管理类,海关稽查,四年
0,管理学学士,0,0,本科,管理学,工商管理类,内部审计,四年
38,管理学学士,10900,62,本科,管理学,农业经济管理类,农林经济管理,四年
44,农学学士,管理学学士,10300,56,本科,管理学,农业经济管理类,农村区域发展,四年
0,管理学学士,0,0,本科,管理学,农业经济管理类,乡村治理,四年
35,管理学学士,10500,65,本科,管理学,公共管理类,公共事业管理,四年
34,管理学学士,11600,66,本科,管理学,公共管理类,行政管理,四年
30,管理学学士,10600,70,本科,管理学,公共管理类,劳动与社会保障,四年
48,工学学士,管理学学士,12300,52,本科,管理学,公共管理类,土地资源管理,四年
38,管理学学士,12800,62,本科,管理学,公共管理类,城市管理,四年
65,管理学学士,12500,35,本科,管理学,公共管理类,海关管理,四年
51,工学学士,管理学学士,0,49,本科,管理学,公共管理类,交通管理,四年
91,管理学学士,12200,9,本科,管理学,公共管理类,海事管理,四年
28,管理学学士,14000,72,本科,管理学,公共管理类,公共关系学,四年
0,管理学学士,0,0,本科,管理学,公共管理类,健康服务与管理,四年
0,管理学学士,0,0,本科,管理学,公共管理类,海警后勤管理,四年
0,管理学学士,0,0,本科,管理学,公共管理类,医疗产品管理,四年
0,管理学学士,0,0,本科,管理学,公共管理类,医疗保险,四年
0,管理学学士,0,0,本科,管理学,公共管理类,养老服务管理,四年
0,管理学学士,0,0,本科,管理学,公共管理类,海关检验检疫安全,四年
0,管理学学士,0,0,本科,管理学,公共管理类,海外安全管理,四年
0,管理学学士,0,0,本科,管理学,公共管理类,自然资源登记与管理,四年
0,管理学学士,0,0,本科,管理学,公共管理类,慈善管理,四年
0,管理学学士,0,0,本科,管理学,公共管理类,航空安防管理,四年
0,管理学学士,0,0,本科,管理学,公共管理类,无障碍管理,四年
20,管理学学士,10800,80,本科,管理学,图书情报与档案管理类,图书馆学,四年
25,管理学学士,10800,75,本科,管理学,图书情报与档案管理类,档案学,四年
32,管理学学士,11700,68,本科,管理学,图书情报与档案管理类,信息资源管理,四年
41,管理学学士,11000,59,本科,管理学,物流管理与工程类,物流管理,四年
51,工学学士,管理学学士,11100,49,本科,管理学,物流管理与工程类,物流工程,四年
28,管理学学士,17200,72,本科,管理学,物流管理与工程类,采购管理,四年
0,管理学学士,0,0,本科,管理学,物流管理与工程类,供应链管理,四年
71,工学学士,管理学学士,11800,29,本科,管理学,工业工程类,工业工程,四年
39,管理学学士,12500,61,本科,管理学,工业工程类,标准化工程,四年
44,管理学学士,11600,56,本科,管理学,工业工程类,质量管理工程,四年
40,经济学学士,工学学士,管理学学士,12200,60,本科,管理学,电子商务类,电子商务,四年
50,管理学学士,12400,50,本科,管理学,电子商务类,电子商务及法律,四年
0,管理学学士,0,0,本科,管理学,电子商务类,跨境电子商务,四年
23,管理学学士,11100,77,本科,管理学,旅游管理类,旅游管理,四年
29,管理学学士,11600,71,本科,管理学,旅游管理类,酒店管理,四年
23,管理学学士,11700,77,本科,管理学,旅游管理类,会展经济与管理,四年
19,管理学学士,9700,81,本科,管理学,旅游管理类,旅游管理与服务教育,四年
12,艺术学学士,12800,88,本科,艺术学,艺术学理论类,艺术史论,四年
0,艺术学学士,0,0,本科,艺术学,艺术学理论类,艺术管理,四年
0,艺术学学士,0,0,本科,艺术学,艺术学理论类,非物质文化遗产保护,四年
35,艺术学学士,11000,65,本科,艺术学,音乐与舞蹈学类,音乐表演,四年
27,艺术学学士,10000,73,本科,艺术学,音乐与舞蹈学类,音乐学,四年，五年
39,艺术学学士,14000,61,本科,艺术学,音乐与舞蹈学类,作曲与作曲技术理论,四年，五年
31,艺术学学士,9000,69,本科,艺术学,音乐与舞蹈学类,舞蹈表演,四年
24,艺术学学士,11100,76,本科,艺术学,音乐与舞蹈学类,舞蹈学,四年
25,艺术学学士,10400,75,本科,艺术学,音乐与舞蹈学类,舞蹈编导,四年
0,艺术学学士,0,0,本科,艺术学,音乐与舞蹈学类,舞蹈教育,四年
0,艺术学学士,0,0,本科,艺术学,音乐与舞蹈学类,航空服务艺术与管理,四年
0,艺术学学士,0,0,本科,艺术学,音乐与舞蹈学类,流行音乐,四年
0,艺术学学士,0,0,本科,艺术学,音乐与舞蹈学类,音乐治疗,四年
0,艺术学学士,0,0,本科,艺术学,音乐与舞蹈学类,流行舞蹈,四年
0,艺术学学士,0,0,本科,艺术学,音乐与舞蹈学类,音乐教育,四年
0,艺术学学士,0,0,本科,艺术学,音乐与舞蹈学类,冰雪舞蹈表演,四年
39,艺术学学士,12000,61,本科,艺术学,戏剧与影视学类,表演,四年
28,艺术学学士,14900,72,本科,艺术学,戏剧与影视学类,戏剧学,四年
25,艺术学学士,13200,75,本科,艺术学,戏剧与影视学类,电影学,四年
28,艺术学学士,12700,72,本科,艺术学,戏剧与影视学类,戏剧影视文学,四年
33,艺术学学士,13100,67,本科,艺术学,戏剧与影视学类,广播电视编导,四年
42,艺术学学士,16400,58,本科,艺术学,戏剧与影视学类,戏剧影视导演,四年
35,艺术学学士,13900,65,本科,艺术学,戏剧与影视学类,戏剧影视美术设计,四年
42,艺术学学士,13000,58,本科,艺术学,戏剧与影视学类,录音艺术,四年
33,艺术学学士,12800,67,本科,艺术学,戏剧与影视学类,播音与主持艺术,四年
44,艺术学学士,13200,56,本科,艺术学,戏剧与影视学类,动画,四年
51,艺术学学士,12900,49,本科,艺术学,戏剧与影视学类,影视摄影与制作,四年
0,艺术学学士,0,0,本科,艺术学,戏剧与影视学类,影视技术,四年
0,艺术学学士,0,0,本科,艺术学,戏剧与影视学类,戏剧教育,四年
0,艺术学学士,0,0,本科,艺术学,戏剧与影视学类,曲艺,四年
0,艺术学学士,0,0,本科,艺术学,戏剧与影视学类,音乐剧,四年
29,艺术学学士,11300,71,本科,艺术学,美术学类,美术学,四年
41,艺术学学士,11700,59,本科,艺术学,美术学类,绘画,四年
60,艺术学学士,12700,40,本科,艺术学,美术学类,雕塑,五年，四年
50,艺术学学士,13000,50,本科,艺术学,美术学类,摄影,四年
45,艺术学学士,10700,55,本科,艺术学,美术学类,书法学,四年
35,艺术学学士,9000,65,本科,艺术学,美术学类,中国画,四年
0,艺术学学士,0,0,本科,艺术学,美术学类,实验艺术,四年
0,艺术学学士,0,0,本科,艺术学,美术学类,跨媒体艺术,四年
0,艺术学学士,0,0,本科,艺术学,美术学类,文物保护与修复,四年
0,艺术学学士,0,0,本科,艺术学,美术学类,漫画,四年
0,艺术学学士,0,0,本科,艺术学,美术学类,纤维艺术,四年
0,艺术学学士,0,0,本科,艺术学,美术学类,科技艺术,四年
0,艺术学学士,0,0,本科,艺术学,美术学类,美术教育,四年
38,艺术学学士,11700,62,本科,艺术学,设计学类,艺术设计学,四年
34,艺术学学士,11500,66,本科,艺术学,设计学类,视觉传达设计,四年
42,艺术学学士,12300,58,本科,艺术学,设计学类,环境设计,四年
40,艺术学学士,12500,60,本科,艺术学,设计学类,产品设计,四年
22,艺术学学士,16100,78,本科,艺术学,设计学类,服装与服饰设计,四年
37,艺术学学士,11800,63,本科,艺术学,设计学类,公共艺术,四年
36,艺术学学士,11100,64,本科,艺术学,设计学类,工艺美术,四年
40,艺术学学士,14700,60,本科,艺术学,设计学类,数字媒体艺术,四年
37,艺术学学士,13100,63,本科,艺术学,设计学类,艺术与科技,五年，四年
0,艺术学学士,0,0,本科,艺术学,设计学类,陶瓷艺术设计,四年
0,艺术学学士,0,0,本科,艺术学,设计学类,新媒体艺术,四年
0,艺术学学士,0,0,本科,艺术学,设计学类,包装设计,四年
0,艺术学学士,0,0,本科,艺术学,设计学类,珠宝首饰设计与工艺,四年
53,,5900,47,专科（高职）,农林牧渔大类,农业类,种子生产与经营,三年
54,,6700,46,专科（高职）,农林牧渔大类,农业类,作物生产与经营管理,三年
58,,7700,42,专科（高职）,农林牧渔大类,农业类,现代农业技术,三年
91,,6700,9,专科（高职）,农林牧渔大类,农业类,生态农业技术,三年
39,,8000,61,专科（高职）,农林牧渔大类,农业类,园艺技术,三年
51,,6800,49,专科（高职）,农林牧渔大类,农业类,植物保护与检疫技术,三年
41,,6500,59,专科（高职）,农林牧渔大类,农业类,茶叶生产与加工技术,三年
48,,7500,52,专科（高职）,农林牧渔大类,农业类,中草药栽培与加工技术,三年
52,,8500,48,专科（高职）,农林牧渔大类,农业类,烟草栽培与加工技术,三年
0,,0,0,专科（高职）,农林牧渔大类,农业类,饲草生产技术,三年
0,,0,0,专科（高职）,农林牧渔大类,农业类,食用菌生产与加工技术,三年
52,,9200,48,专科（高职）,农林牧渔大类,农业类,设施农业与装备,三年
81,,9300,19,专科（高职）,农林牧渔大类,农业类,现代农业装备应用技术,三年
34,,6700,66,专科（高职）,农林牧渔大类,农业类,农产品加工与质量检测,三年
37,,6800,63,专科（高职）,农林牧渔大类,农业类,绿色食品生产技术,三年
0,,7400,0,专科（高职）,农林牧渔大类,农业类,农产品流通与管理,三年
0,,6800,0,专科（高职）,农林牧渔大类,农业类,棉花加工与经营管理,三年
48,,9200,52,专科（高职）,农林牧渔大类,农业类,休闲农业经营与管理,三年
0,,7100,0,专科（高职）,农林牧渔大类,农业类,现代农业经济管理,三年
24,,7700,76,专科（高职）,农林牧渔大类,农业类,农村新型经济组织管理,三年
61,,9000,39,专科（高职）,农林牧渔大类,林业类,林业技术,三年
48,,8400,52,专科（高职）,农林牧渔大类,林业类,园林技术,三年
0,,7500,0,专科（高职）,农林牧渔大类,林业类,草业技术,三年
0,,0,0,专科（高职）,农林牧渔大类,林业类,花卉生产与花艺,三年
60,,8000,40,专科（高职）,农林牧渔大类,林业类,经济林培育与利用,三年
55,,7300,45,专科（高职）,农林牧渔大类,林业类,森林和草原资源保护,三年
0,,0,0,专科（高职）,农林牧渔大类,林业类,林草生态保护与修复,三年
0,,6500,0,专科（高职）,农林牧渔大类,林业类,野生动植物资源保护与利用,三年
38,,6400,62,专科（高职）,农林牧渔大类,林业类,自然保护地建设与管理,三年
29,,6400,71,专科（高职）,农林牧渔大类,林业类,森林生态旅游与康养,三年
0,,8600,0,专科（高职）,农林牧渔大类,林业类,林业信息技术应用,三年
0,,7900,0,专科（高职）,农林牧渔大类,林业类,木业智能装备应用技术,三年
68,,9400,32,专科（高职）,农林牧渔大类,林业类,木业产品设计与制造,三年
51,,8300,49,专科（高职）,农林牧渔大类,畜牧业类,动物医学,三年
60,,0,40,专科（高职）,农林牧渔大类,畜牧业类,动物药学,三年
65,,8500,35,专科（高职）,农林牧渔大类,畜牧业类,畜牧兽医,三年
0,,0,0,专科（高职）,农林牧渔大类,畜牧业类,中兽医,三年
0,,0,0,专科（高职）,农林牧渔大类,畜牧业类,宠物医疗技术,三年
45,,7400,55,专科（高职）,农林牧渔大类,畜牧业类,动物防疫与检疫,三年
71,,8000,29,专科（高职）,农林牧渔大类,畜牧业类,畜禽智能化养殖,三年
0,,7500,0,专科（高职）,农林牧渔大类,畜牧业类,特种动物养殖技术,三年
33,,8600,67,专科（高职）,农林牧渔大类,畜牧业类,宠物养护与驯导,三年
50,,7000,50,专科（高职）,农林牧渔大类,畜牧业类,动物营养与饲料,三年
0,,7500,100,专科（高职）,农林牧渔大类,畜牧业类,蚕桑技术,三年
73,,8900,27,专科（高职）,农林牧渔大类,渔业类,水产养殖技术,三年
0,,9100,0,专科（高职）,农林牧渔大类,渔业类,海洋渔业技术,三年
100,,0,0,专科（高职）,农林牧渔大类,渔业类,水族科学与技术,三年
62,,9200,38,专科（高职）,农林牧渔大类,渔业类,水生动物医学,三年
63,,7400,37,专科（高职）,资源环境与安全大类,资源勘查类,国土资源调查与管理,三年
87,,8800,13,专科（高职）,资源环境与安全大类,资源勘查类,地质调查与矿产普查,三年
0,,0,0,专科（高职）,资源环境与安全大类,资源勘查类,生态地质调查,三年
88,,8000,12,专科（高职）,资源环境与安全大类,资源勘查类,矿产地质勘查,三年
94,,8200,6,专科（高职）,资源环境与安全大类,资源勘查类,煤田地质勘查,三年
46,,6000,54,专科（高职）,资源环境与安全大类,资源勘查类,岩矿分析与鉴定,三年
39,,7900,61,专科（高职）,资源环境与安全大类,资源勘查类,宝玉石鉴定与加工,三年
91,,8000,9,专科（高职）,资源环境与安全大类,地质类,工程地质勘查,三年
81,,7800,19,专科（高职）,资源环境与安全大类,地质类,水文与工程地质,三年
93,,8700,7,专科（高职）,资源环境与安全大类,地质类,矿山地质,三年
100,,10100,0,专科（高职）,资源环境与安全大类,地质类,钻探工程技术,三年
92,,7100,8,专科（高职）,资源环境与安全大类,地质类,岩土工程技术,三年
91,,11000,9,专科（高职）,资源环境与安全大类,地质类,地球物理勘探技术,三年
70,,8400,30,专科（高职）,资源环境与安全大类,地质类,地质灾害调查与防治,三年
80,,8700,20,专科（高职）,资源环境与安全大类,地质类,环境地质工程,三年
0,,0,0,专科（高职）,资源环境与安全大类,地质类,城市地质勘查,三年
90,,8900,10,专科（高职）,资源环境与安全大类,测绘地理信息类,工程测量技术,三年
84,,10500,16,专科（高职）,资源环境与安全大类,测绘地理信息类,测绘工程技术,三年
64,,9200,36,专科（高职）,资源环境与安全大类,测绘地理信息类,测绘地理信息技术,三年
66,,8500,34,专科（高职）,资源环境与安全大类,测绘地理信息类,摄影测量与遥感技术,三年
71,,11900,29,专科（高职）,资源环境与安全大类,测绘地理信息类,地籍测绘与土地管理,三年
0,,8400,0,专科（高职）,资源环境与安全大类,测绘地理信息类,国土空间规划与测绘,三年
0,,0,0,专科（高职）,资源环境与安全大类,测绘地理信息类,无人机测绘技术,三年
90,,7000,10,专科（高职）,资源环境与安全大类,测绘地理信息类,矿山测量,三年
0,,9400,0,专科（高职）,资源环境与安全大类,测绘地理信息类,导航与位置服务,三年
0,,8700,0,专科（高职）,资源环境与安全大类,测绘地理信息类,空间数字建模与应用技术,三年
76,,7300,24,专科（高职）,资源环境与安全大类,石油与天然气类,油气储运技术,三年
90,,11000,10,专科（高职）,资源环境与安全大类,石油与天然气类,油气地质勘探技术,三年
99,,8700,1,专科（高职）,资源环境与安全大类,石油与天然气类,钻井技术,三年
81,,7800,19,专科（高职）,资源环境与安全大类,石油与天然气类,油气智能开采技术,三年
69,,8500,31,专科（高职）,资源环境与安全大类,石油与天然气类,油田化学应用技术,三年
89,,9700,11,专科（高职）,资源环境与安全大类,石油与天然气类,石油工程技术,三年
0,,9000,0,专科（高职）,资源环境与安全大类,煤炭类,煤矿智能开采技术,三年
94,,11600,6,专科（高职）,资源环境与安全大类,煤炭类,矿井建设工程技术,三年
0,,8300,0,专科（高职）,资源环境与安全大类,煤炭类,通风技术与安全管理,三年
0,,7900,0,专科（高职）,资源环境与安全大类,煤炭类,矿山机电与智能装备,三年
0,,5900,0,专科（高职）,资源环境与安全大类,煤炭类,煤炭清洁利用技术,三年
75,,9100,25,专科（高职）,资源环境与安全大类,煤炭类,煤层气采输技术,三年
0,,8800,0,专科（高职）,资源环境与安全大类,金属与非金属矿类,矿山智能开采技术,三年
76,,9300,24,专科（高职）,资源环境与安全大类,金属与非金属矿类,矿物加工技术,三年
58,,7100,42,专科（高职）,资源环境与安全大类,气象类,大气科学技术,三年
69,,7500,31,专科（高职）,资源环境与安全大类,气象类,大气探测技术,三年
77,,7500,23,专科（高职）,资源环境与安全大类,气象类,应用气象技术,三年
79,,7200,21,专科（高职）,资源环境与安全大类,气象类,雷电防护技术,三年
0,,7300,0,专科（高职）,资源环境与安全大类,环境保护类,环境监测技术,三年
55,,7100,45,专科（高职）,资源环境与安全大类,环境保护类,环境工程技术,三年
14,,7400,86,专科（高职）,资源环境与安全大类,环境保护类,生态保护技术,三年
50,,7000,50,专科（高职）,资源环境与安全大类,环境保护类,生态环境大数据技术,三年
0,,6700,0,专科（高职）,资源环境与安全大类,环境保护类,环境管理与评价,三年
0,,7200,0,专科（高职）,资源环境与安全大类,环境保护类,生态环境修复技术,三年
0,,7400,0,专科（高职）,资源环境与安全大类,环境保护类,绿色低碳技术,三年
0,,7500,0,专科（高职）,资源环境与安全大类,环境保护类,资源综合利用技术,三年
0,,0,0,专科（高职）,资源环境与安全大类,环境保护类,水净化与安全技术,三年
0,,7400,0,专科（高职）,资源环境与安全大类,环境保护类,核与辐射检测防护技术,三年
0,,0,0,专科（高职）,资源环境与安全大类,环境保护类,智能环保装备技术,三年
67,,9200,33,专科（高职）,资源环境与安全大类,安全类,安全技术与管理,三年
0,,9200,0,专科（高职）,资源环境与安全大类,安全类,化工安全技术,三年
67,,9200,33,专科（高职）,资源环境与安全大类,安全类,工程安全评价与监理,三年
0,,9300,0,专科（高职）,资源环境与安全大类,安全类,安全智能监测技术,三年
44,,9400,56,专科（高职）,资源环境与安全大类,安全类,应急救援技术,三年
0,,0,0,专科（高职）,资源环境与安全大类,安全类,消防救援技术,三年
89,,7800,11,专科（高职）,资源环境与安全大类,安全类,森林草原防火技术,三年
0,,8800,0,专科（高职）,资源环境与安全大类,安全类,职业健康安全技术,三年
83,,8800,17,专科（高职）,能源动力与材料大类,电力技术类,发电厂及电力系统,三年
0,,7500,0,专科（高职）,能源动力与材料大类,电力技术类,水电站机电设备与自动化,三年
68,,8200,32,专科（高职）,能源动力与材料大类,电力技术类,水电站与电力网技术,三年
0,,8000,0,专科（高职）,能源动力与材料大类,电力技术类,分布式发电与智能微电网技术,三年
82,,7900,18,专科（高职）,能源动力与材料大类,电力技术类,电力系统自动化技术,三年
82,,8500,18,专科（高职）,能源动力与材料大类,电力技术类,电力系统继电保护技术,三年
96,,8800,4,专科（高职）,能源动力与材料大类,电力技术类,输配电工程技术,三年
76,,8200,24,专科（高职）,能源动力与材料大类,电力技术类,供用电技术,三年
0,,8700,0,专科（高职）,能源动力与材料大类,电力技术类,农业电气化技术,三年
0,,0,0,专科（高职）,能源动力与材料大类,电力技术类,机场电工技术,三年
59,,7800,41,专科（高职）,能源动力与材料大类,电力技术类,电力客户服务与管理,三年
88,,7200,12,专科（高职）,能源动力与材料大类,热能与发电工程类,热能动力工程技术,三年
82,,10100,18,专科（高职）,能源动力与材料大类,热能与发电工程类,城市热能应用技术,三年
0,,0,0,专科（高职）,能源动力与材料大类,热能与发电工程类,地热开发技术,三年
70,,8700,30,专科（高职）,能源动力与材料大类,热能与发电工程类,太阳能光热技术与应用,三年
87,,9000,13,专科（高职）,能源动力与材料大类,热能与发电工程类,发电运行技术,三年
82,,7200,18,专科（高职）,能源动力与材料大类,热能与发电工程类,热工自动化技术,三年
91,,8200,9,专科（高职）,能源动力与材料大类,热能与发电工程类,核电站动力设备运行与维护,三年
57,,7000,43,专科（高职）,能源动力与材料大类,热能与发电工程类,电厂化学与环保技术,三年
87,,8300,13,专科（高职）,能源动力与材料大类,新能源发电工程类,光伏工程技术,三年
82,,7800,18,专科（高职）,能源动力与材料大类,新能源发电工程类,风力发电工程技术,三年
77,,9800,23,专科（高职）,能源动力与材料大类,新能源发电工程类,生物质能应用技术,三年
0,,0,0,专科（高职）,能源动力与材料大类,新能源发电工程类,氢能技术应用,三年
71,,8800,29,专科（高职）,能源动力与材料大类,新能源发电工程类,工业节能技术,三年
76,,7700,24,专科（高职）,能源动力与材料大类,新能源发电工程类,节电技术与管理,三年
0,,0,0,专科（高职）,能源动力与材料大类,新能源发电工程类,新能源材料应用技术,三年
73,,7700,27,专科（高职）,能源动力与材料大类,黑色金属材料类,钢铁智能冶金技术,三年
0,,7300,0,专科（高职）,能源动力与材料大类,黑色金属材料类,智能轧钢技术,三年
0,,7800,0,专科（高职）,能源动力与材料大类,黑色金属材料类,钢铁冶金设备维护,三年
0,,7500,0,专科（高职）,能源动力与材料大类,黑色金属材料类,金属材料检测技术,三年
0,,8300,0,专科（高职）,能源动力与材料大类,有色金属材料类,有色金属智能冶金技术,三年
0,,7900,0,专科（高职）,能源动力与材料大类,有色金属材料类,金属智能加工技术,三年
0,,8500,0,专科（高职）,能源动力与材料大类,有色金属材料类,金属精密成型技术,三年
0,,0,0,专科（高职）,能源动力与材料大类,有色金属材料类,储能材料技术,三年
0,,0,0,专科（高职）,能源动力与材料大类,有色金属材料类,稀土材料技术,三年
78,,9100,22,专科（高职）,能源动力与材料大类,非金属材料类,材料工程技术,三年
0,,8100,0,专科（高职）,能源动力与材料大类,非金属材料类,高分子材料智能制造技术,三年
78,,7700,22,专科（高职）,能源动力与材料大类,非金属材料类,复合材料智能制造技术,三年
0,,0,0,专科（高职）,能源动力与材料大类,非金属材料类,航空复合材料成型与加工技术,三年
62,,8700,38,专科（高职）,能源动力与材料大类,非金属材料类,非金属矿物材料技术,三年
80,,10200,20,专科（高职）,能源动力与材料大类,非金属材料类,光伏材料制备技术,三年
100,,9100,0,专科（高职）,能源动力与材料大类,非金属材料类,硅材料制备技术,三年
79,,8300,21,专科（高职）,能源动力与材料大类,非金属材料类,炭材料工程技术,三年
0,,8000,0,专科（高职）,能源动力与材料大类,非金属材料类,橡胶智能制造技术,三年
84,,10200,16,专科（高职）,能源动力与材料大类,建筑材料类,建筑材料工程技术,三年
0,,10000,0,专科（高职）,能源动力与材料大类,建筑材料类,新型建筑材料技术,三年
0,,9900,0,专科（高职）,能源动力与材料大类,建筑材料类,建筑装饰材料技术,三年
74,,10000,26,专科（高职）,能源动力与材料大类,建筑材料类,建筑材料检测技术,三年
0,,0,0,专科（高职）,能源动力与材料大类,建筑材料类,装配式建筑构件智能制造技术,三年
75,,10300,25,专科（高职）,土木建筑大类,建筑设计类,建筑设计,三年
66,,9100,34,专科（高职）,土木建筑大类,建筑设计类,建筑装饰工程技术,三年
60,,9000,40,专科（高职）,土木建筑大类,建筑设计类,古建筑工程技术,三年
56,,8100,44,专科（高职）,土木建筑大类,建筑设计类,园林工程技术,三年
0,,7200,0,专科（高职）,土木建筑大类,建筑设计类,风景园林设计,三年
51,,10400,49,专科（高职）,土木建筑大类,建筑设计类,建筑室内设计,三年
58,,9800,42,专科（高职）,土木建筑大类,建筑设计类,建筑动画技术,三年
60,,0,40,专科（高职）,土木建筑大类,城乡规划与管理类,城乡规划,三年
0,,9400,0,专科（高职）,土木建筑大类,城乡规划与管理类,智慧城市管理技术,三年
86,,10900,14,专科（高职）,土木建筑大类,城乡规划与管理类,村镇建设与管理,三年
92,,9400,8,专科（高职）,土木建筑大类,土建施工类,建筑工程技术,三年
0,,0,0,专科（高职）,土木建筑大类,土建施工类,装配式建筑工程技术,三年
91,,10000,9,专科（高职）,土木建筑大类,土建施工类,建筑钢结构工程技术,三年
0,,0,0,专科（高职）,土木建筑大类,土建施工类,智能建造技术,三年
94,,9100,6,专科（高职）,土木建筑大类,土建施工类,地下与隧道工程技术,三年
84,,6800,16,专科（高职）,土木建筑大类,土建施工类,土木工程检测技术,三年
85,,9700,15,专科（高职）,土木建筑大类,建筑设备类,建筑设备工程技术,三年
92,,10100,8,专科（高职）,土木建筑大类,建筑设备类,建筑电气工程技术,三年
84,,9300,16,专科（高职）,土木建筑大类,建筑设备类,供热通风与空调工程技术,三年
82,,9900,18,专科（高职）,土木建筑大类,建筑设备类,建筑智能化工程技术,三年
78,,9100,22,专科（高职）,土木建筑大类,建筑设备类,工业设备安装工程技术,三年
81,,7800,19,专科（高职）,土木建筑大类,建筑设备类,建筑消防技术,三年
60,,10400,40,专科（高职）,土木建筑大类,建设工程管理类,工程造价,三年
83,,9500,17,专科（高职）,土木建筑大类,建设工程管理类,建设工程管理,三年
54,,9100,46,专科（高职）,土木建筑大类,建设工程管理类,建筑经济信息化管理,三年
80,,9000,20,专科（高职）,土木建筑大类,建设工程管理类,建设工程监理,三年
78,,8600,22,专科（高职）,土木建筑大类,市政工程类,市政工程技术,三年
74,,10000,26,专科（高职）,土木建筑大类,市政工程类,给排水工程技术,三年
71,,8100,29,专科（高职）,土木建筑大类,市政工程类,城市燃气工程技术,三年
0,,0,0,专科（高职）,土木建筑大类,市政工程类,市政管网智能检测与维护,三年
0,,8800,0,专科（高职）,土木建筑大类,市政工程类,城市环境工程技术,三年
0,,10200,0,专科（高职）,土木建筑大类,房地产类,房地产经营与管理,三年
0,,9300,0,专科（高职）,土木建筑大类,房地产类,房地产智能检测与估价,三年
35,,8400,65,专科（高职）,土木建筑大类,房地产类,现代物业管理,三年
56,,8100,44,专科（高职）,水利大类,水文水资源类,水文与水资源技术,三年
0,,7900,0,专科（高职）,水利大类,水文水资源类,水政水资源管理,三年
79,,9100,21,专科（高职）,水利大类,水利工程与管理类,水利工程,三年
0,,0,0,专科（高职）,水利大类,水利工程与管理类,智慧水利技术,三年
90,,8500,10,专科（高职）,水利大类,水利工程与管理类,水利水电工程技术,三年
73,,8700,27,专科（高职）,水利大类,水利工程与管理类,水利水电工程智能管理,三年
87,,9700,13,专科（高职）,水利大类,水利工程与管理类,水利水电建筑工程,三年
80,,8400,20,专科（高职）,水利大类,水利工程与管理类,机电排灌工程技术,三年
84,,8400,16,专科（高职）,水利大类,水利工程与管理类,治河与航道工程技术,三年
53,,7500,47,专科（高职）,水利大类,水利工程与管理类,智能水务管理,三年
77,,9400,23,专科（高职）,水利大类,水利水电设备类,水电站设备安装与管理,三年
0,,9400,0,专科（高职）,水利大类,水利水电设备类,水电站运行与智能管理,三年
100,,8900,0,专科（高职）,水利大类,水利水电设备类,水利机电设备智能管理,三年
64,,7400,36,专科（高职）,水利大类,水土保持与水环境类,水土保持技术,三年
61,,5800,39,专科（高职）,水利大类,水土保持与水环境类,水环境智能监测与治理,三年
0,,0,0,专科（高职）,水利大类,水土保持与水环境类,水生态修复技术,三年
93,,9200,7,专科（高职）,装备制造大类,机械设计制造类,机械设计与制造,三年
0,,0,0,专科（高职）,装备制造大类,机械设计制造类,数字化设计与制造技术,三年
92,,8700,8,专科（高职）,装备制造大类,机械设计制造类,数控技术,三年
0,,8800,0,专科（高职）,装备制造大类,机械设计制造类,机械制造及自动化,三年
63,,10000,37,专科（高职）,装备制造大类,机械设计制造类,工业设计,三年
76,,9300,24,专科（高职）,装备制造大类,机械设计制造类,工业工程技术,三年
0,,8300,0,专科（高职）,装备制造大类,机械设计制造类,材料成型及控制技术,三年
0,,8800,0,专科（高职）,装备制造大类,机械设计制造类,现代铸造技术,三年
0,,8400,0,专科（高职）,装备制造大类,机械设计制造类,现代锻压技术,三年
98,,8100,2,专科（高职）,装备制造大类,机械设计制造类,智能焊接技术,三年
0,,0,0,专科（高职）,装备制造大类,机械设计制造类,工业材料表面处理技术,三年
0,,0,0,专科（高职）,装备制造大类,机械设计制造类,增材制造技术,三年
90,,9400,10,专科（高职）,装备制造大类,机械设计制造类,模具设计与制造,三年
83,,8200,17,专科（高职）,装备制造大类,机械设计制造类,特种加工技术,三年
79,,7900,21,专科（高职）,装备制造大类,机械设计制造类,智能光电制造技术,三年
83,,10900,17,专科（高职）,装备制造大类,机械设计制造类,电线电缆制造技术,三年
93,,9800,7,专科（高职）,装备制造大类,机械设计制造类,内燃机制造与应用技术,三年
56,,7200,44,专科（高职）,装备制造大类,机械设计制造类,机械装备制造技术,三年
76,,8600,24,专科（高职）,装备制造大类,机械设计制造类,工业产品质量检测技术,三年
70,,7700,30,专科（高职）,装备制造大类,机械设计制造类,理化测试与质检技术,三年
0,,7200,0,专科（高职）,装备制造大类,机电设备类,智能制造装备技术,三年
0,,9000,0,专科（高职）,装备制造大类,机电设备类,机电设备技术,三年
89,,8800,11,专科（高职）,装备制造大类,机电设备类,电机与电器技术,三年
98,,8200,2,专科（高职）,装备制造大类,机电设备类,新能源装备技术,三年
81,,8400,19,专科（高职）,装备制造大类,机电设备类,制冷与空调技术,三年
95,,10800,5,专科（高职）,装备制造大类,机电设备类,电梯工程技术,三年
95,,8700,5,专科（高职）,装备制造大类,自动化类,机电一体化技术,三年
0,,0,0,专科（高职）,装备制造大类,自动化类,智能机电技术,三年
81,,8200,19,专科（高职）,装备制造大类,自动化类,智能控制技术,三年
0,,0,0,专科（高职）,装备制造大类,自动化类,智能机器人技术,三年
99,,8700,1,专科（高职）,装备制造大类,自动化类,工业机器人技术,三年
90,,7900,10,专科（高职）,装备制造大类,自动化类,电气自动化技术,三年
83,,8200,17,专科（高职）,装备制造大类,自动化类,工业过程自动化技术,三年
78,,8400,22,专科（高职）,装备制造大类,自动化类,工业自动化仪表技术,三年
100,,8200,0,专科（高职）,装备制造大类,自动化类,液压与气动技术,三年
0,,0,0,专科（高职）,装备制造大类,自动化类,工业互联网应用,三年
0,,0,0,专科（高职）,装备制造大类,自动化类,计量测试与应用技术,三年
89,,0,11,专科（高职）,装备制造大类,轨道装备类,铁道机车车辆制造与维护,三年
0,,0,0,专科（高职）,装备制造大类,轨道装备类,高速铁路动车组制造与维护,三年
0,,0,0,专科（高职）,装备制造大类,轨道装备类,城市轨道交通车辆制造与维护,三年
0,,0,0,专科（高职）,装备制造大类,轨道装备类,轨道交通通信信号设备制造与维护,三年
0,,0,0,专科（高职）,装备制造大类,轨道装备类,轨道交通工程机械制造与维护,三年
92,,9200,8,专科（高职）,装备制造大类,船舶与海洋工程装备类,船舶工程技术,三年
0,,9300,0,专科（高职）,装备制造大类,船舶与海洋工程装备类,船舶动力工程技术,三年
89,,9100,11,专科（高职）,装备制造大类,船舶与海洋工程装备类,船舶电气工程技术,三年
0,,0,0,专科（高职）,装备制造大类,船舶与海洋工程装备类,船舶智能焊接技术,三年
97,,9300,3,专科（高职）,装备制造大类,船舶与海洋工程装备类,船舶舾装工程技术,三年
0,,9000,0,专科（高职）,装备制造大类,船舶与海洋工程装备类,船舶涂装工程技术,三年
0,,8900,0,专科（高职）,装备制造大类,船舶与海洋工程装备类,船舶通信装备技术,三年
81,,10700,19,专科（高职）,装备制造大类,船舶与海洋工程装备类,游艇设计与制造,三年
0,,0,0,专科（高职）,装备制造大类,船舶与海洋工程装备类,邮轮内装技术,三年
81,,9300,19,专科（高职）,装备制造大类,船舶与海洋工程装备类,海洋工程装备技术,三年
95,,7700,5,专科（高职）,装备制造大类,航空装备类,飞行器数字化制造技术,三年
0,,0,0,专科（高职）,装备制造大类,航空装备类,飞行器数字化装配技术,三年
0,,9300,0,专科（高职）,装备制造大类,航空装备类,航空发动机制造技术,三年
92,,6500,8,专科（高职）,装备制造大类,航空装备类,航空发动机装配调试技术,三年
0,,9300,0,专科（高职）,装备制造大类,航空装备类,飞机机载设备装配调试技术,三年
0,,0,0,专科（高职）,装备制造大类,航空装备类,航空装备表面处理技术,三年
96,,12900,4,专科（高职）,装备制造大类,航空装备类,飞行器维修技术,三年
0,,8900,0,专科（高职）,装备制造大类,航空装备类,航空发动机维修技术,三年
95,,10500,5,专科（高职）,装备制造大类,航空装备类,无人机应用技术,三年
0,,9900,0,专科（高职）,装备制造大类,航空装备类,航空材料精密成型技术,三年
96,,9900,4,专科（高职）,装备制造大类,航空装备类,导弹维修技术,三年
0,,8300,0,专科（高职）,装备制造大类,汽车制造类,汽车制造与试验技术,三年
93,,8600,7,专科（高职）,装备制造大类,汽车制造类,新能源汽车技术,三年
95,,8800,5,专科（高职）,装备制造大类,汽车制造类,汽车电子技术,三年
0,,0,0,专科（高职）,装备制造大类,汽车制造类,智能网联汽车技术,三年
0,,8100,0,专科（高职）,装备制造大类,汽车制造类,汽车造型与改装技术,三年
31,,7600,69,专科（高职）,生物与化工大类,生物技术类,食品生物技术,三年
0,,7900,0,专科（高职）,生物与化工大类,生物技术类,药品生物技术,三年
0,,7600,0,专科（高职）,生物与化工大类,生物技术类,农业生物技术,三年
47,,7300,53,专科（高职）,生物与化工大类,生物技术类,化工生物技术,三年
0,,7400,0,专科（高职）,生物与化工大类,生物技术类,生物产品检验检疫,三年
0,,0,0,专科（高职）,生物与化工大类,生物技术类,绿色生物制造技术,三年
0,,0,0,专科（高职）,生物与化工大类,生物技术类,生物信息技术,三年
65,,7900,35,专科（高职）,生物与化工大类,化工技术类,应用化工技术,三年
89,,8700,11,专科（高职）,生物与化工大类,化工技术类,石油炼制技术,三年
50,,7100,50,专科（高职）,生物与化工大类,化工技术类,精细化工技术,三年
79,,7700,21,专科（高职）,生物与化工大类,化工技术类,石油化工技术,三年
73,,7200,27,专科（高职）,生物与化工大类,化工技术类,煤化工技术,三年
79,,7900,21,专科（高职）,生物与化工大类,化工技术类,高分子合成技术,三年
49,,7600,51,专科（高职）,生物与化工大类,化工技术类,海洋化工技术,三年
0,,7800,0,专科（高职）,生物与化工大类,化工技术类,分析检验技术,三年
0,,0,0,专科（高职）,生物与化工大类,化工技术类,化工智能制造技术,三年
92,,8400,8,专科（高职）,生物与化工大类,化工技术类,化工装备技术,三年
0,,7700,0,专科（高职）,生物与化工大类,化工技术类,化工自动化技术,三年
90,,7700,10,专科（高职）,生物与化工大类,化工技术类,涂装防护技术,三年
62,,8800,38,专科（高职）,生物与化工大类,化工技术类,烟花爆竹技术与管理,三年
10,,5700,90,专科（高职）,轻工纺织大类,轻化工类,化妆品技术,三年
56,,9000,44,专科（高职）,轻工纺织大类,轻化工类,现代造纸技术,三年
54,,9600,46,专科（高职）,轻工纺织大类,轻化工类,家具设计与制造,三年
40,,8700,60,专科（高职）,轻工纺织大类,轻化工类,鞋类设计与工艺,三年
0,,8200,0,专科（高职）,轻工纺织大类,轻化工类,陶瓷制造技术与工艺,三年
0,,0,0,专科（高职）,轻工纺织大类,轻化工类,珠宝首饰技术与管理,三年
0,,8300,0,专科（高职）,轻工纺织大类,轻化工类,皮革加工技术,三年
50,,8600,50,专科（高职）,轻工纺织大类,轻化工类,皮具制作与工艺,三年
30,,8000,70,专科（高职）,轻工纺织大类,轻化工类,乐器制造与维护,三年
44,,8100,56,专科（高职）,轻工纺织大类,轻化工类,香料香精技术与工艺,三年
75,,8000,25,专科（高职）,轻工纺织大类,轻化工类,表面精饰工艺,三年
0,,0,0,专科（高职）,轻工纺织大类,包装类,包装工程技术,三年
0,,0,100,专科（高职）,轻工纺织大类,包装类,包装策划与设计,三年
60,,11500,40,专科（高职）,轻工纺织大类,印刷类,数字印刷技术,三年
60,,8400,40,专科（高职）,轻工纺织大类,印刷类,印刷媒体技术,三年
0,,11000,0,专科（高职）,轻工纺织大类,印刷类,印刷数字图文技术,三年
59,,9500,41,专科（高职）,轻工纺织大类,印刷类,印刷设备应用技术,三年
34,,6900,66,专科（高职）,轻工纺织大类,纺织服装类,现代纺织技术,三年
16,,8800,84,专科（高职）,轻工纺织大类,纺织服装类,服装设计与工艺,三年
0,,7600,0,专科（高职）,轻工纺织大类,纺织服装类,丝绸技术,三年
20,,7600,80,专科（高职）,轻工纺织大类,纺织服装类,针织技术与针织服装,三年
51,,7400,49,专科（高职）,轻工纺织大类,纺织服装类,数字化染整技术,三年
27,,8200,73,专科（高职）,轻工纺织大类,纺织服装类,纺织品设计,三年
36,,6800,64,专科（高职）,轻工纺织大类,纺织服装类,现代家用纺织品设计,三年
0,,6800,0,专科（高职）,轻工纺织大类,纺织服装类,纺织材料与应用,三年
0,,0,0,专科（高职）,轻工纺织大类,纺织服装类,现代非织造技术,三年
77,,8400,23,专科（高职）,轻工纺织大类,纺织服装类,纺织机电技术,三年
24,,7100,76,专科（高职）,轻工纺织大类,纺织服装类,纺织品检验与贸易,三年
0,,7100,0,专科（高职）,轻工纺织大类,纺织服装类,皮革服装制作与工艺,三年
36,,8500,64,专科（高职）,食品药品与粮食大类,食品类,食品智能加工技术,三年
31,,7300,69,专科（高职）,食品药品与粮食大类,食品类,食品质量与安全,三年
19,,8000,81,专科（高职）,食品药品与粮食大类,食品类,食品营养与健康,三年
0,,9500,0,专科（高职）,食品药品与粮食大类,食品类,食品检验检测技术,三年
45,,7800,55,专科（高职）,食品药品与粮食大类,食品类,酿酒技术,三年
39,,7000,61,专科（高职）,食品药品与粮食大类,食品类,食品贮运与营销,三年
31,,6900,69,专科（高职）,食品药品与粮食大类,药品与医疗器械类,药品生产技术,三年
0,,0,0,专科（高职）,食品药品与粮食大类,药品与医疗器械类,生物制药技术,三年
0,,0,0,专科（高职）,食品药品与粮食大类,药品与医疗器械类,药物制剂技术,三年
0,,0,0,专科（高职）,食品药品与粮食大类,药品与医疗器械类,化学制药技术,三年
56,,7900,44,专科（高职）,食品药品与粮食大类,药品与医疗器械类,兽药制药技术,三年
25,,6800,75,专科（高职）,食品药品与粮食大类,药品与医疗器械类,药品质量与安全,三年
0,,6500,0,专科（高职）,食品药品与粮食大类,药品与医疗器械类,制药设备应用技术,三年
24,,8900,76,专科（高职）,食品药品与粮食大类,药品与医疗器械类,药品经营与管理,三年
0,,0,0,专科（高职）,食品药品与粮食大类,药品与医疗器械类,食品药品监督管理,三年
72,,8600,28,专科（高职）,食品药品与粮食大类,药品与医疗器械类,智能医疗装备技术,三年
0,,7100,0,专科（高职）,食品药品与粮食大类,药品与医疗器械类,医用电子仪器技术,三年
0,,0,0,专科（高职）,食品药品与粮食大类,药品与医疗器械类,医用材料与应用,三年
75,,8700,25,专科（高职）,食品药品与粮食大类,药品与医疗器械类,医疗器械维护与管理,三年
0,,0,0,专科（高职）,食品药品与粮食大类,药品与医疗器械类,医疗器械经营与服务,三年
43,,7800,57,专科（高职）,食品药品与粮食大类,药品与医疗器械类,康复工程技术,三年
29,,8000,71,专科（高职）,食品药品与粮食大类,药品与医疗器械类,保健食品质量与管理,三年
7,,8600,93,专科（高职）,食品药品与粮食大类,药品与医疗器械类,化妆品经营与管理,三年
0,,0,0,专科（高职）,食品药品与粮食大类,药品与医疗器械类,化妆品质量与安全,三年
66,,8000,34,专科（高职）,食品药品与粮食大类,粮食类,粮食工程技术与管理,三年
66,,6200,34,专科（高职）,食品药品与粮食大类,粮食类,粮食储运与质量安全,三年
90,,9400,10,专科（高职）,交通运输大类,铁道运输类,铁道工程技术,三年
91,,7400,9,专科（高职）,交通运输大类,铁道运输类,高速铁路施工与维护,三年
0,,9300,0,专科（高职）,交通运输大类,铁道运输类,铁道桥梁隧道工程技术,三年
86,,8900,14,专科（高职）,交通运输大类,铁道运输类,铁道养路机械应用技术,三年
96,,8300,4,专科（高职）,交通运输大类,铁道运输类,铁道机车运用与维护,三年
88,,10000,12,专科（高职）,交通运输大类,铁道运输类,铁道车辆技术,三年
81,,8300,19,专科（高职）,交通运输大类,铁道运输类,铁道供电技术,三年
98,,10400,2,专科（高职）,交通运输大类,铁道运输类,动车组检修技术,三年
0,,0,0,专科（高职）,交通运输大类,铁道运输类,高速铁路综合维修技术,三年
55,,8100,45,专科（高职）,交通运输大类,铁道运输类,铁道信号自动控制,三年
59,,8700,41,专科（高职）,交通运输大类,铁道运输类,铁道通信与信息化技术,三年
42,,6700,58,专科（高职）,交通运输大类,铁道运输类,铁道交通运营管理,三年
21,,9000,79,专科（高职）,交通运输大类,铁道运输类,高速铁路客运服务,三年
92,,8700,8,专科（高职）,交通运输大类,道路运输类,道路与桥梁工程技术,三年
88,,9300,12,专科（高职）,交通运输大类,道路运输类,道路机械化施工技术,三年
94,,7500,6,专科（高职）,交通运输大类,道路运输类,智能工程机械运用技术,三年
0,,0,0,专科（高职）,交通运输大类,道路运输类,道路工程检测技术,三年
0,,0,0,专科（高职）,交通运输大类,道路运输类,道路工程造价,三年
75,,8500,25,专科（高职）,交通运输大类,道路运输类,道路养护与管理,三年
64,,9000,36,专科（高职）,交通运输大类,道路运输类,智能交通技术,三年
49,,8000,51,专科（高职）,交通运输大类,道路运输类,道路运输管理,三年
44,,9200,56,专科（高职）,交通运输大类,道路运输类,交通运营管理,三年
63,,9600,37,专科（高职）,交通运输大类,道路运输类,汽车技术服务与营销,三年
0,,9400,0,专科（高职）,交通运输大类,道路运输类,汽车检测与维修技术,三年
93,,9400,7,专科（高职）,交通运输大类,道路运输类,新能源汽车检测与维修技术,三年
100,,11500,0,专科（高职）,交通运输大类,水上运输类,航海技术,三年
90,,7900,10,专科（高职）,交通运输大类,水上运输类,港口与航道工程技术,三年
100,,9600,0,专科（高职）,交通运输大类,水上运输类,轮机工程技术,三年
28,,8500,72,专科（高职）,交通运输大类,水上运输类,国际邮轮乘务管理,三年
55,,7600,45,专科（高职）,交通运输大类,水上运输类,水路运输安全管理,三年
0,,8400,0,专科（高职）,交通运输大类,水上运输类,港口机械与智能控制,三年
50,,8300,50,专科（高职）,交通运输大类,水上运输类,港口与航运管理,三年
97,,9100,3,专科（高职）,交通运输大类,水上运输类,船舶电子电气技术,三年
79,,8600,21,专科（高职）,交通运输大类,水上运输类,船舶检验,三年
68,,8200,32,专科（高职）,交通运输大类,水上运输类,集装箱运输管理,三年
39,,9200,61,专科（高职）,交通运输大类,航空运输类,民航运输服务,三年
67,,9500,33,专科（高职）,交通运输大类,航空运输类,民航通信技术,三年
0,,9400,0,专科（高职）,交通运输大类,航空运输类,定翼机驾驶技术,三年
0,,9400,0,专科（高职）,交通运输大类,航空运输类,直升机驾驶技术,三年
29,,9300,71,专科（高职）,交通运输大类,航空运输类,空中乘务,三年
52,,9200,48,专科（高职）,交通运输大类,航空运输类,民航安全技术管理,三年
96,,9400,4,专科（高职）,交通运输大类,航空运输类,民航空中安全保卫,三年
40,,7300,60,专科（高职）,交通运输大类,航空运输类,机场运行服务与管理,三年
99,,9500,1,专科（高职）,交通运输大类,航空运输类,飞机机电设备维修,三年
93,,8100,7,专科（高职）,交通运输大类,航空运输类,飞机电子设备维修,三年
0,,9000,0,专科（高职）,交通运输大类,航空运输类,飞机部件修理,三年
99,,9600,1,专科（高职）,交通运输大类,航空运输类,通用航空器维修,三年
99,,13400,1,专科（高职）,交通运输大类,航空运输类,飞机结构修理,三年
98,,7700,2,专科（高职）,交通运输大类,航空运输类,航空地面设备维修,三年
0,,9400,0,专科（高职）,交通运输大类,航空运输类,机场场务技术与管理,三年
0,,9400,0,专科（高职）,交通运输大类,航空运输类,通用航空航务技术,三年
88,,9900,12,专科（高职）,交通运输大类,航空运输类,航空油料,三年
90,,8400,10,专科（高职）,交通运输大类,管道运输类,管道工程技术,三年
0,,8500,0,专科（高职）,交通运输大类,管道运输类,管道运输管理,三年
86,,8500,14,专科（高职）,交通运输大类,城市轨道交通类,城市轨道交通工程技术,三年
90,,8400,10,专科（高职）,交通运输大类,城市轨道交通类,城市轨道车辆应用技术,三年
69,,7500,31,专科（高职）,交通运输大类,城市轨道交通类,城市轨道交通机电技术,三年
0,,8800,0,专科（高职）,交通运输大类,城市轨道交通类,城市轨道交通通信信号技术,三年
0,,8500,0,专科（高职）,交通运输大类,城市轨道交通类,城市轨道交通供配电技术,三年
43,,8400,57,专科（高职）,交通运输大类,城市轨道交通类,城市轨道交通运营管理,三年
46,,8800,54,专科（高职）,交通运输大类,邮政类,邮政快递运营管理,三年
0,,0,0,专科（高职）,交通运输大类,邮政类,邮政快递智能技术,三年
0,,7900,0,专科（高职）,交通运输大类,邮政类,邮政通信管理,三年
77,,7800,23,专科（高职）,电子与信息大类,电子信息类,电子信息工程技术,三年
66,,14600,34,专科（高职）,电子与信息大类,电子信息类,物联网应用技术,三年
77,,8600,23,专科（高职）,电子与信息大类,电子信息类,应用电子技术,三年
0,,9100,0,专科（高职）,电子与信息大类,电子信息类,电子产品制造技术,三年
0,,6800,0,专科（高职）,电子与信息大类,电子信息类,电子产品检测技术,三年
0,,12200,0,专科（高职）,电子与信息大类,电子信息类,移动互联应用技术,三年
93,,9200,7,专科（高职）,电子与信息大类,电子信息类,汽车智能技术,三年
0,,8600,0,专科（高职）,电子与信息大类,电子信息类,智能产品开发与应用,三年
75,,8500,25,专科（高职）,电子与信息大类,电子信息类,智能光电技术应用,三年
90,,9300,10,专科（高职）,电子与信息大类,电子信息类,光电显示技术,三年
68,,8800,32,专科（高职）,电子与信息大类,计算机类,计算机应用技术,三年
72,,9500,28,专科（高职）,电子与信息大类,计算机类,计算机网络技术,三年
79,,10900,21,专科（高职）,电子与信息大类,计算机类,软件技术,三年
0,,9800,0,专科（高职）,电子与信息大类,计算机类,数字媒体技术,三年
0,,8700,0,专科（高职）,电子与信息大类,计算机类,大数据技术,三年
0,,7300,0,专科（高职）,电子与信息大类,计算机类,云计算技术应用,三年
66,,8500,34,专科（高职）,电子与信息大类,计算机类,信息安全技术应用,三年
0,,0,0,专科（高职）,电子与信息大类,计算机类,虚拟现实技术应用,三年
0,,0,0,专科（高职）,电子与信息大类,计算机类,人工智能技术应用,三年
78,,10000,22,专科（高职）,电子与信息大类,计算机类,嵌入式技术应用,三年
68,,7400,32,专科（高职）,电子与信息大类,计算机类,工业互联网技术,三年
0,,0,0,专科（高职）,电子与信息大类,计算机类,区块链技术应用,三年
0,,10100,0,专科（高职）,电子与信息大类,计算机类,移动应用开发,三年
0,,0,0,专科（高职）,电子与信息大类,计算机类,工业软件开发技术,三年
57,,9700,43,专科（高职）,电子与信息大类,计算机类,动漫制作技术,三年
0,,0,0,专科（高职）,电子与信息大类,计算机类,密码技术应用,三年
0,,8900,0,专科（高职）,电子与信息大类,通信类,现代通信技术,三年
63,,8400,37,专科（高职）,电子与信息大类,通信类,现代移动通信技术,三年
0,,0,0,专科（高职）,电子与信息大类,通信类,通信软件技术,三年
0,,0,0,专科（高职）,电子与信息大类,通信类,卫星通信与导航技术,三年
69,,8000,31,专科（高职）,电子与信息大类,通信类,通信工程设计与监理,三年
63,,7600,37,专科（高职）,电子与信息大类,通信类,通信系统运行管理,三年
0,,8100,0,专科（高职）,电子与信息大类,通信类,智能互联网络技术,三年
0,,0,0,专科（高职）,电子与信息大类,通信类,网络规划与优化技术,三年
23,,6600,77,专科（高职）,电子与信息大类,通信类,电信服务与管理,三年
0,,0,0,专科（高职）,电子与信息大类,集成电路类,集成电路技术,三年
76,,8500,24,专科（高职）,电子与信息大类,集成电路类,微电子技术,三年
44,,0,56,专科（高职）,医药卫生大类,临床医学类,临床医学,三年
42,,0,58,专科（高职）,医药卫生大类,临床医学类,口腔医学,三年
6,,8400,94,专科（高职）,医药卫生大类,护理类,护理,三年
1,,7600,99,专科（高职）,医药卫生大类,护理类,助产,三年
22,,8500,78,专科（高职）,医药卫生大类,药学类,药学,三年
40,,0,60,专科（高职）,医药卫生大类,中医药类,中医学,三年
57,,0,43,专科（高职）,医药卫生大类,中医药类,中医骨伤,三年
40,,0,60,专科（高职）,医药卫生大类,中医药类,针灸推拿,三年
44,,0,56,专科（高职）,医药卫生大类,中医药类,蒙医学,三年
0,,0,0,专科（高职）,医药卫生大类,中医药类,藏医学,三年
30,,0,70,专科（高职）,医药卫生大类,中医药类,维医学,三年
13,,0,87,专科（高职）,医药卫生大类,中医药类,傣医学,三年
0,,0,0,专科（高职）,医药卫生大类,中医药类,哈医学,三年
0,,0,0,专科（高职）,医药卫生大类,中医药类,朝医学,三年
23,,7800,77,专科（高职）,医药卫生大类,中医药类,中药学,三年
67,,8600,33,专科（高职）,医药卫生大类,中医药类,蒙药学,三年
27,,8300,73,专科（高职）,医药卫生大类,中医药类,维药学,三年
0,,8100,0,专科（高职）,医药卫生大类,中医药类,藏药学,三年
0,,6800,0,专科（高职）,医药卫生大类,中医药类,中药材生产与加工,三年
0,,0,0,专科（高职）,医药卫生大类,中医药类,中药制药,三年
0,,8300,0,专科（高职）,医药卫生大类,中医药类,中医康复技术,三年
0,,7600,0,专科（高职）,医药卫生大类,中医药类,中医养生保健,三年
0,,0,0,专科（高职）,医药卫生大类,中医药类,药膳与食疗,三年
24,,7700,76,专科（高职）,医药卫生大类,医学技术类,医学检验技术,三年
38,,6900,62,专科（高职）,医药卫生大类,医学技术类,医学影像技术,三年
27,,7100,73,专科（高职）,医药卫生大类,医学技术类,医学生物技术,三年
31,,7300,69,专科（高职）,医药卫生大类,医学技术类,口腔医学技术,三年
69,,7400,31,专科（高职）,医药卫生大类,医学技术类,放射治疗技术,三年
4,,7600,96,专科（高职）,医药卫生大类,医学技术类,呼吸治疗技术,三年
5,,9000,95,专科（高职）,医药卫生大类,医学技术类,医学美容技术,三年
25,,7500,75,专科（高职）,医药卫生大类,医学技术类,卫生检验与检疫技术,三年
32,,7700,68,专科（高职）,医药卫生大类,康复治疗类,康复治疗技术,三年
37,,7700,63,专科（高职）,医药卫生大类,康复治疗类,康复辅助器具技术,三年
7,,7600,93,专科（高职）,医药卫生大类,康复治疗类,言语听觉康复技术,三年
19,,6500,81,专科（高职）,医药卫生大类,公共卫生与卫生管理类,公共卫生管理,三年
19,,8500,81,专科（高职）,医药卫生大类,公共卫生与卫生管理类,卫生信息管理,三年
0,,0,0,专科（高职）,医药卫生大类,公共卫生与卫生管理类,预防医学,三年
0,,0,0,专科（高职）,医药卫生大类,公共卫生与卫生管理类,健康大数据管理与服务,三年
15,,7000,85,专科（高职）,医药卫生大类,健康管理与促进类,健康管理,三年
0,,0,0,专科（高职）,医药卫生大类,健康管理与促进类,婴幼儿托育服务与管理,三年
0,,7900,0,专科（高职）,医药卫生大类,健康管理与促进类,老年保健与管理,三年
25,,7500,75,专科（高职）,医药卫生大类,健康管理与促进类,心理咨询,三年
14,,7100,86,专科（高职）,医药卫生大类,健康管理与促进类,医学营养,三年
0,,0,0,专科（高职）,医药卫生大类,健康管理与促进类,生殖健康管理,三年
26,,9000,74,专科（高职）,医药卫生大类,眼视光类,眼视光技术,三年
0,,0,0,专科（高职）,医药卫生大类,眼视光类,眼视光仪器技术,三年
0,,0,0,专科（高职）,医药卫生大类,眼视光类,视觉训练与康复,三年
0,,7300,0,专科（高职）,财经商贸大类,财政税务类,财税大数据应用,三年
31,,7700,69,专科（高职）,财经商贸大类,财政税务类,资产评估与管理,三年
0,,7700,0,专科（高职）,财经商贸大类,财政税务类,政府采购管理,三年
0,,8700,0,专科（高职）,财经商贸大类,金融类,金融服务与管理,三年
0,,8300,0,专科（高职）,财经商贸大类,金融类,金融科技应用,三年
35,,8700,65,专科（高职）,财经商贸大类,金融类,保险实务,三年
22,,8300,78,专科（高职）,财经商贸大类,金融类,信用管理,三年
35,,8200,65,专科（高职）,财经商贸大类,金融类,财富管理,三年
40,,8400,60,专科（高职）,财经商贸大类,金融类,证券实务,三年
66,,8900,34,专科（高职）,财经商贸大类,金融类,国际金融,三年
16,,6800,84,专科（高职）,财经商贸大类,金融类,农村金融,三年
22,,7700,78,专科（高职）,财经商贸大类,财务会计类,大数据与财务管理,三年
36,,7200,64,专科（高职）,财经商贸大类,财务会计类,大数据与会计,三年
17,,7800,83,专科（高职）,财经商贸大类,财务会计类,大数据与审计,三年
19,,8300,81,专科（高职）,财经商贸大类,财务会计类,会计信息管理,三年
22,,6800,78,专科（高职）,财经商贸大类,统计类,统计与大数据分析,三年
17,,7500,83,专科（高职）,财经商贸大类,统计类,统计与会计核算,三年
0,,0,0,专科（高职）,财经商贸大类,统计类,市场调查与统计分析,三年
34,,7900,66,专科（高职）,财经商贸大类,经济贸易类,国际经济与贸易,三年
30,,9400,70,专科（高职）,财经商贸大类,经济贸易类,国际商务,三年
30,,8000,70,专科（高职）,财经商贸大类,经济贸易类,关务与外贸服务,三年
0,,9000,100,专科（高职）,财经商贸大类,经济贸易类,服务外包,三年
0,,8000,0,专科（高职）,财经商贸大类,经济贸易类,国际文化贸易,三年
43,,9300,57,专科（高职）,财经商贸大类,工商管理类,工商企业管理,三年
33,,8800,67,专科（高职）,财经商贸大类,工商管理类,连锁经营与管理,三年
35,,8600,65,专科（高职）,财经商贸大类,工商管理类,商务管理,三年
0,,0,0,专科（高职）,财经商贸大类,工商管理类,中小企业创业与经营,三年
47,,0,53,专科（高职）,财经商贸大类,工商管理类,市场营销,三年
43,,0,57,专科（高职）,财经商贸大类,电子商务类,电子商务,三年
0,,0,0,专科（高职）,财经商贸大类,电子商务类,跨境电子商务,三年
52,,7900,48,专科（高职）,财经商贸大类,电子商务类,移动商务,三年
0,,9400,0,专科（高职）,财经商贸大类,电子商务类,网络营销与直播电商,三年
0,,0,0,专科（高职）,财经商贸大类,电子商务类,农村电子商务,三年
0,,8800,0,专科（高职）,财经商贸大类,电子商务类,商务数据分析与应用,三年
0,,7500,0,专科（高职）,财经商贸大类,物流类,物流工程技术,三年
43,,7600,57,专科（高职）,财经商贸大类,物流类,现代物流管理,三年
41,,8800,59,专科（高职）,财经商贸大类,物流类,航空物流管理,三年
29,,9400,71,专科（高职）,财经商贸大类,物流类,铁路物流管理,三年
44,,7700,56,专科（高职）,财经商贸大类,物流类,冷链物流技术与管理,三年
38,,7700,62,专科（高职）,财经商贸大类,物流类,港口物流管理,三年
0,,8400,0,专科（高职）,财经商贸大类,物流类,工程物流管理,三年
0,,8100,0,专科（高职）,财经商贸大类,物流类,采购与供应管理,三年
39,,8900,61,专科（高职）,财经商贸大类,物流类,智能物流技术,三年
0,,0,0,专科（高职）,财经商贸大类,物流类,供应链运营,三年
22,,7900,78,专科（高职）,旅游大类,旅游类,旅游管理,三年
20,,8300,80,专科（高职）,旅游大类,旅游类,导游,三年
25,,7400,75,专科（高职）,旅游大类,旅游类,旅行社经营与管理,三年
0,,0,0,专科（高职）,旅游大类,旅游类,定制旅行管理与服务,三年
0,,0,0,专科（高职）,旅游大类,旅游类,研学旅行管理与服务,三年
32,,8300,68,专科（高职）,旅游大类,旅游类,酒店管理与数字化运营,三年
0,,0,0,专科（高职）,旅游大类,旅游类,民宿管理与运营,三年
0,,0,0,专科（高职）,旅游大类,旅游类,葡萄酒文化与营销,三年
23,,9300,77,专科（高职）,旅游大类,旅游类,茶艺与茶文化,三年
33,,7500,67,专科（高职）,旅游大类,旅游类,智慧景区开发与管理,三年
0,,0,0,专科（高职）,旅游大类,旅游类,智慧旅游技术应用,三年
23,,8400,77,专科（高职）,旅游大类,旅游类,会展策划与管理,三年
27,,7500,73,专科（高职）,旅游大类,旅游类,休闲服务与管理,三年
35,,8300,65,专科（高职）,旅游大类,餐饮类,餐饮智能管理,三年
54,,7200,46,专科（高职）,旅游大类,餐饮类,烹饪工艺与营养,三年
22,,8800,78,专科（高职）,旅游大类,餐饮类,中西面点工艺,三年
33,,9300,67,专科（高职）,旅游大类,餐饮类,西式烹饪工艺,三年
32,,8800,68,专科（高职）,旅游大类,餐饮类,营养配餐,三年
44,,10000,56,专科（高职）,文化艺术大类,艺术设计类,艺术设计,三年
47,,10300,53,专科（高职）,文化艺术大类,艺术设计类,视觉传达设计,三年
46,,10000,54,专科（高职）,文化艺术大类,艺术设计类,数字媒体艺术设计,三年
47,,10100,53,专科（高职）,文化艺术大类,艺术设计类,产品艺术设计,三年
19,,9800,81,专科（高职）,文化艺术大类,艺术设计类,服装与服饰设计,三年
47,,9100,53,专科（高职）,文化艺术大类,艺术设计类,环境艺术设计,三年
27,,9000,73,专科（高职）,文化艺术大类,艺术设计类,书画艺术,三年
0,,9000,0,专科（高职）,文化艺术大类,艺术设计类,公共艺术设计,三年
74,,11700,26,专科（高职）,文化艺术大类,艺术设计类,游戏艺术设计,三年
38,,9200,62,专科（高职）,文化艺术大类,艺术设计类,展示艺术设计,三年
0,,10000,0,专科（高职）,文化艺术大类,艺术设计类,美容美体艺术,三年
35,,9700,65,专科（高职）,文化艺术大类,艺术设计类,工艺美术品设计,三年
42,,8900,58,专科（高职）,文化艺术大类,艺术设计类,广告艺术设计,三年
47,,10300,53,专科（高职）,文化艺术大类,艺术设计类,室内艺术设计,三年
53,,9100,47,专科（高职）,文化艺术大类,艺术设计类,家具艺术设计,三年
49,,10200,51,专科（高职）,文化艺术大类,艺术设计类,动漫设计,三年
17,,9100,83,专科（高职）,文化艺术大类,艺术设计类,人物形象设计,三年
41,,9700,59,专科（高职）,文化艺术大类,艺术设计类,摄影与摄像艺术,三年
68,,9400,32,专科（高职）,文化艺术大类,艺术设计类,雕刻艺术设计,三年
30,,8900,70,专科（高职）,文化艺术大类,艺术设计类,皮具艺术设计,三年
0,,9300,0,专科（高职）,文化艺术大类,艺术设计类,包装艺术设计,三年
45,,9000,55,专科（高职）,文化艺术大类,艺术设计类,陶瓷设计与工艺,三年
35,,9500,65,专科（高职）,文化艺术大类,艺术设计类,首饰设计与工艺,三年
80,,9300,20,专科（高职）,文化艺术大类,艺术设计类,玉器设计与工艺,三年
9,,9000,91,专科（高职）,文化艺术大类,艺术设计类,刺绣设计与工艺,三年
0,,0,0,专科（高职）,文化艺术大类,艺术设计类,雕塑设计,三年
19,,7700,81,专科（高职）,文化艺术大类,艺术设计类,服装陈列与展示设计,三年
0,,0,0,专科（高职）,文化艺术大类,表演艺术类,音乐表演,三年
14,,7000,86,专科（高职）,文化艺术大类,表演艺术类,舞蹈表演,三年
38,,8800,62,专科（高职）,文化艺术大类,表演艺术类,戏曲表演,三年
25,,11800,75,专科（高职）,文化艺术大类,表演艺术类,表演艺术,三年
44,,9300,56,专科（高职）,文化艺术大类,表演艺术类,戏剧影视表演,三年
23,,9300,77,专科（高职）,文化艺术大类,表演艺术类,歌舞表演,三年
0,,9300,0,专科（高职）,文化艺术大类,表演艺术类,曲艺表演,三年
25,,9400,75,专科（高职）,文化艺术大类,表演艺术类,音乐剧表演,三年
22,,9100,78,专科（高职）,文化艺术大类,表演艺术类,国际标准舞,三年
80,,9200,20,专科（高职）,文化艺术大类,表演艺术类,现代流行音乐,三年
0,,0,0,专科（高职）,文化艺术大类,表演艺术类,戏曲音乐,三年
0,,11700,0,专科（高职）,文化艺术大类,表演艺术类,音乐制作,三年
0,,9400,0,专科（高职）,文化艺术大类,表演艺术类,钢琴伴奏,三年
55,,10300,45,专科（高职）,文化艺术大类,表演艺术类,钢琴调律,三年
0,,9300,0,专科（高职）,文化艺术大类,表演艺术类,舞蹈编导,三年
0,,0,0,专科（高职）,文化艺术大类,表演艺术类,音乐传播,三年
0,,8800,0,专科（高职）,文化艺术大类,表演艺术类,时尚表演与传播,三年
58,,8800,42,专科（高职）,文化艺术大类,表演艺术类,舞台艺术设计与制作,三年
50,,9500,50,专科（高职）,文化艺术大类,表演艺术类,作曲技术,三年
0,,0,0,专科（高职）,文化艺术大类,表演艺术类,现代魔术设计与表演,三年
0,,0,0,专科（高职）,文化艺术大类,民族文化艺术类,民族表演艺术,三年
0,,8800,0,专科（高职）,文化艺术大类,民族文化艺术类,民族美术,三年
0,,0,0,专科（高职）,文化艺术大类,民族文化艺术类,民族服装与饰品,三年
0,,0,0,专科（高职）,文化艺术大类,民族文化艺术类,民族传统技艺,三年
43,,0,57,专科（高职）,文化艺术大类,民族文化艺术类,中国少数民族语言文化,三年
29,,6600,71,专科（高职）,文化艺术大类,文化服务类,文化创意与策划,三年
28,,7500,72,专科（高职）,文化艺术大类,文化服务类,文化产业经营与管理,三年
25,,8900,75,专科（高职）,文化艺术大类,文化服务类,公共文化服务与管理,三年
44,,0,56,专科（高职）,文化艺术大类,文化服务类,文物修复与保护,三年
0,,6300,0,专科（高职）,文化艺术大类,文化服务类,文物考古技术,三年
0,,6200,0,专科（高职）,文化艺术大类,文化服务类,文物展示利用技术,三年
19,,6600,81,专科（高职）,文化艺术大类,文化服务类,图书档案管理,三年
0,,0,0,专科（高职）,文化艺术大类,文化服务类,石窟寺保护技术,三年
0,,9500,0,专科（高职）,新闻传播大类,新闻出版类,数字图文信息处理技术,三年
26,,8400,74,专科（高职）,新闻传播大类,新闻出版类,网络新闻与传播,三年
0,,8400,0,专科（高职）,新闻传播大类,新闻出版类,出版策划与编辑,三年
20,,8500,80,专科（高职）,新闻传播大类,新闻出版类,出版商务,三年
43,,7700,57,专科（高职）,新闻传播大类,新闻出版类,数字出版,三年
54,,9200,64,专科（高职）,新闻传播大类,新闻出版类,数字媒体设备应用与管理,三年
37,,9600,63,专科（高职）,新闻传播大类,广播影视类,播音与主持,三年
44,,9700,56,专科（高职）,新闻传播大类,广播影视类,广播影视节目制作,三年
57,,9900,42,专科（高职）,新闻传播大类,广播影视类,数字广播电视技术,三年
43,,10200,57,专科（高职）,新闻传播大类,广播影视类,影视编导,三年
26,,8500,74,专科（高职）,新闻传播大类,广播影视类,新闻采编与制作,三年
52,,10000,48,专科（高职）,新闻传播大类,广播影视类,影视动画,三年
36,,9800,64,专科（高职）,新闻传播大类,广播影视类,影视制片管理,三年
48,,8400,52,专科（高职）,新闻传播大类,广播影视类,影视多媒体技术,三年
53,,9100,47,专科（高职）,新闻传播大类,广播影视类,影视照明技术与艺术,三年
56,,8100,44,专科（高职）,新闻传播大类,广播影视类,音像技术,三年
54,,9600,46,专科（高职）,新闻传播大类,广播影视类,录音技术与艺术,三年
60,,10200,40,专科（高职）,新闻传播大类,广播影视类,摄影摄像技术,三年
0,,0,0,专科（高职）,新闻传播大类,广播影视类,融媒体技术与运营,三年
0,,0,0,专科（高职）,新闻传播大类,广播影视类,网络直播与运营,三年
29,,9400,71,专科（高职）,新闻传播大类,广播影视类,传播与策划,三年
0,,8700,0,专科（高职）,新闻传播大类,广播影视类,全媒体广告策划与营销,三年
4,,0,96,专科（高职）,教育与体育大类,教育类,早期教育,三年
4,,0,96,专科（高职）,教育与体育大类,教育类,学前教育,三年
15,,0,85,专科（高职）,教育与体育大类,教育类,小学教育,三年
10,,0,90,专科（高职）,教育与体育大类,教育类,小学语文教育,三年
22,,0,78,专科（高职）,教育与体育大类,教育类,小学数学教育,三年
5,,0,95,专科（高职）,教育与体育大类,教育类,小学英语教育,三年
0,,0,0,专科（高职）,教育与体育大类,教育类,小学科学教育,三年
20,,0,80,专科（高职）,教育与体育大类,教育类,音乐教育,三年
18,,0,82,专科（高职）,教育与体育大类,教育类,美术教育,三年
76,,0,24,专科（高职）,教育与体育大类,教育类,体育教育,三年
18,,0,82,专科（高职）,教育与体育大类,教育类,小学道德与法治教育,三年
1,,0,99,专科（高职）,教育与体育大类,教育类,舞蹈教育,三年
16,,0,84,专科（高职）,教育与体育大类,教育类,艺术教育,三年
9,,0,91,专科（高职）,教育与体育大类,教育类,特殊教育,三年
26,,0,74,专科（高职）,教育与体育大类,教育类,现代教育技术,三年
11,,0,89,专科（高职）,教育与体育大类,教育类,心理健康教育,三年
12,,0,88,专科（高职）,教育与体育大类,语言类,商务英语,三年
11,,7300,89,专科（高职）,教育与体育大类,语言类,应用英语,三年
16,,8700,84,专科（高职）,教育与体育大类,语言类,旅游英语,三年
0,,7600,0,专科（高职）,教育与体育大类,语言类,应用韩语,三年
24,,8800,76,专科（高职）,教育与体育大类,语言类,商务日语,三年
30,,7600,70,专科（高职）,教育与体育大类,语言类,应用日语,三年
21,,8200,79,专科（高职）,教育与体育大类,语言类,旅游日语,三年
16,,11100,84,专科（高职）,教育与体育大类,语言类,应用外语,三年
19,,8500,81,专科（高职）,教育与体育大类,语言类,中文,三年
25,,8900,75,专科（高职）,教育与体育大类,语言类,应用俄语,三年
13,,8400,87,专科（高职）,教育与体育大类,语言类,应用法语,三年
16,,11900,84,专科（高职）,教育与体育大类,语言类,应用西班牙语,三年
19,,8400,81,专科（高职）,教育与体育大类,语言类,应用德语,三年
18,,7500,82,专科（高职）,教育与体育大类,语言类,应用泰语,三年
21,,8700,79,专科（高职）,教育与体育大类,语言类,应用越南语,三年
31,,20200,69,专科（高职）,教育与体育大类,语言类,应用阿拉伯语,三年
81,,8900,19,专科（高职）,教育与体育大类,体育类,社会体育,三年
76,,9300,24,专科（高职）,教育与体育大类,体育类,休闲体育,三年
72,,9300,28,专科（高职）,教育与体育大类,体育类,运动训练,三年
91,,9100,9,专科（高职）,教育与体育大类,体育类,民族传统体育,三年
0,,9500,0,专科（高职）,教育与体育大类,体育类,运动防护,三年
74,,9000,26,专科（高职）,教育与体育大类,体育类,体育保健与康复,三年
86,,8700,14,专科（高职）,教育与体育大类,体育类,健身指导与管理,三年
0,,0,0,专科（高职）,教育与体育大类,体育类,运动健康指导,三年
0,,0,0,专科（高职）,教育与体育大类,体育类,运动数据分析,三年
0,,0,0,专科（高职）,教育与体育大类,体育类,体能训练,三年
77,,9200,23,专科（高职）,教育与体育大类,体育类,体育运营与管理,三年
0,,0,0,专科（高职）,教育与体育大类,体育类,电子竞技运动与管理,三年
53,,10300,47,专科（高职）,教育与体育大类,体育类,高尔夫球运动与管理,三年
0,,0,0,专科（高职）,教育与体育大类,体育类,冰雪运动与管理,三年
0,,0,0,专科（高职）,教育与体育大类,体育类,冰雪设施运维与管理,三年
65,,9400,35,专科（高职）,教育与体育大类,体育类,体育艺术表演,三年
50,,0,50,专科（高职）,公安与司法大类,公安管理类,治安管理,三年
82,,0,18,专科（高职）,公安与司法大类,公安管理类,道路交通管理,三年
77,,0,23,专科（高职）,公安与司法大类,公安管理类,特警,三年
98,,0,2,专科（高职）,公安与司法大类,公安管理类,警务指挥与战术,三年
86,,0,14,专科（高职）,公安与司法大类,公安技术类,刑事科学技术,三年
72,,0,28,专科（高职）,公安与司法大类,公安技术类,网络安全与执法,三年
100,,0,0,专科（高职）,公安与司法大类,公安技术类,警犬技术,三年
84,,0,16,专科（高职）,公安与司法大类,侦查类,刑事侦查,三年
82,,0,18,专科（高职）,公安与司法大类,侦查类,政治安全保卫,三年
75,,0,25,专科（高职）,公安与司法大类,侦查类,经济犯罪侦查,三年
92,,0,8,专科（高职）,公安与司法大类,侦查类,禁毒,三年
46,,6500,54,专科（高职）,公安与司法大类,法律实务类,法律事务,三年
28,,7500,72,专科（高职）,公安与司法大类,法律实务类,法律文秘,三年
56,,6500,44,专科（高职）,公安与司法大类,法律实务类,检察事务,三年
74,,0,26,专科（高职）,公安与司法大类,法律执行类,刑事执行,三年
60,,7900,40,专科（高职）,公安与司法大类,法律执行类,民事执行,三年
60,,0,40,专科（高职）,公安与司法大类,法律执行类,行政执行,三年
66,,0,34,专科（高职）,公安与司法大类,法律执行类,司法警务,三年
59,,7100,41,专科（高职）,公安与司法大类,法律执行类,社区矫正,三年
77,,0,23,专科（高职）,公安与司法大类,司法技术类,刑事侦查技术,三年
60,,0,40,专科（高职）,公安与司法大类,司法技术类,司法信息技术,三年
55,,7100,45,专科（高职）,公安与司法大类,司法技术类,司法鉴定技术,三年
66,,0,34,专科（高职）,公安与司法大类,司法技术类,司法信息安全,三年
53,,0,47,专科（高职）,公安与司法大类,司法技术类,罪犯心理测量与矫正技术,三年
62,,0,38,专科（高职）,公安与司法大类,司法技术类,戒毒矫治技术,三年
56,,7800,44,专科（高职）,公安与司法大类,安全防范类,安全防范技术,三年
0,,0,0,专科（高职）,公安与司法大类,安全防范类,安全保卫管理,三年
0,,0,0,专科（高职）,公安与司法大类,安全防范类,智能安防运营管理,三年
24,,8600,76,专科（高职）,公共管理与服务大类,公共事业类,社会工作,三年
0,,0,0,专科（高职）,公共管理与服务大类,公共事业类,党务工作,三年
9,,9100,91,专科（高职）,公共管理与服务大类,公共事业类,青少年工作与管理,三年
26,,6700,74,专科（高职）,公共管理与服务大类,公共事业类,社区管理与服务,三年
25,,9300,75,专科（高职）,公共管理与服务大类,公共事业类,公共关系,三年
0,,0,0,专科（高职）,公共管理与服务大类,公共事业类,公益慈善事业管理,三年
30,,7500,70,专科（高职）,公共管理与服务大类,公共管理类,民政服务与管理,三年
24,,8200,76,专科（高职）,公共管理与服务大类,公共管理类,人力资源管理,三年
28,,9100,72,专科（高职）,公共管理与服务大类,公共管理类,劳动与社会保障,三年
24,,8400,76,专科（高职）,公共管理与服务大类,公共管理类,网络舆情监测,三年
36,,8200,64,专科（高职）,公共管理与服务大类,公共管理类,公共事务管理,三年
35,,9000,65,专科（高职）,公共管理与服务大类,公共管理类,行政管理,三年
26,,8000,74,专科（高职）,公共管理与服务大类,公共管理类,质量管理与认证,三年
18,,8900,82,专科（高职）,公共管理与服务大类,公共管理类,知识产权管理,三年
0,,0,0,专科（高职）,公共管理与服务大类,公共管理类,职业指导与服务,三年
0,,0,0,专科（高职）,公共管理与服务大类,公共管理类,标准化技术,三年
19,,7700,81,专科（高职）,公共管理与服务大类,公共服务类,现代家政服务与管理,三年
20,,8000,80,专科（高职）,公共管理与服务大类,公共服务类,智慧健康养老服务与管理,三年
15,,7200,85,专科（高职）,公共管理与服务大类,公共服务类,社区康复,三年
20,,6800,80,专科（高职）,公共管理与服务大类,公共服务类,婚庆服务与管理,三年
41,,6600,59,专科（高职）,公共管理与服务大类,公共服务类,现代殡葬技术与管理,三年
0,,0,0,专科（高职）,公共管理与服务大类,公共服务类,殡葬设备维护技术,三年
0,,0,0,专科（高职）,公共管理与服务大类,公共服务类,陵园服务与管理,三年
0,,7500,0,专科（高职）,公共管理与服务大类,文秘类,现代文秘,三年
0,农学学士,0,0,职业本科,农林牧渔大类,农业类,现代种业技术,
0,农学学士,0,0,职业本科,农林牧渔大类,农业类,作物生产与品质改良,
0,农学学士,工学学士,0,0,职业本科,农林牧渔大类,农业类,智慧农业技术,
0,农学学士,0,0,职业本科,农林牧渔大类,农业类,设施园艺,
0,农学学士,管理学学士,0,0,职业本科,农林牧渔大类,农业类,现代农业经营与管理,
0,农学学士,工学学士,0,0,职业本科,农林牧渔大类,农业类,智能化农业装备技术,四年
0,农学学士,0,0,职业本科,农林牧渔大类,农业类,现代植保技术,四年
0,农学学士,工学学士,0,0,职业本科,农林牧渔大类,林业类,智慧林业技术,
0,工学学士,农学学士,0,0,职业本科,农林牧渔大类,林业类,园林工程,
0,工学学士,0,0,职业本科,农林牧渔大类,林业类,木业产品智能制造,
0,农学学士,0,0,职业本科,农林牧渔大类,畜牧业类,动物医学,
0,农学学士,0,0,职业本科,农林牧渔大类,畜牧业类,动物药学,
0,农学学士,0,0,职业本科,农林牧渔大类,畜牧业类,宠物医疗,
0,农学学士,0,0,职业本科,农林牧渔大类,畜牧业类,现代畜牧,
0,农学学士,0,0,职业本科,农林牧渔大类,渔业类,现代水产养殖技术,
0,工学学士,0,0,职业本科,资源环境与安全大类,资源勘查类,资源勘查工程技术,
0,工学学士,0,0,职业本科,资源环境与安全大类,地质类,环境地质工程,
0,工学学士,0,0,职业本科,资源环境与安全大类,测绘地理信息类,导航工程技术,
0,工学学士,0,0,职业本科,资源环境与安全大类,测绘地理信息类,测绘工程技术,
0,工学学士,0,0,职业本科,资源环境与安全大类,测绘地理信息类,地理信息技术,
0,工学学士,0,0,职业本科,资源环境与安全大类,石油与天然气类,油气储运工程,
0,工学学士,0,0,职业本科,资源环境与安全大类,石油与天然气类,石油工程技术,
0,工学学士,0,0,职业本科,资源环境与安全大类,煤炭类,智能采矿技术,
0,工学学士,0,0,职业本科,资源环境与安全大类,煤炭类,煤炭清洁利用工程,
0,工学学士,0,0,职业本科,资源环境与安全大类,气象类,智慧气象技术,
0,工学学士,0,0,职业本科,资源环境与安全大类,环境保护类,生态环境工程技术,
0,工学学士,0,0,职业本科,资源环境与安全大类,安全类,安全工程技术,
0,工学学士,管理学学士,0,0,职业本科,资源环境与安全大类,安全类,应急管理,
0,工学学士,0,0,职业本科,资源环境与安全大类,安全类,消防工程技术,四年
0,工学学士,0,0,职业本科,能源动力与材料大类,电力技术类,电力工程及自动化,
0,工学学士,0,0,职业本科,能源动力与材料大类,电力技术类,智能电网工程技术,
0,工学学士,0,0,职业本科,能源动力与材料大类,热能与发电工程类,热能动力工程,
0,工学学士,0,0,职业本科,能源动力与材料大类,新能源发电工程类,新能源发电工程技术,
0,工学学士,0,0,职业本科,能源动力与材料大类,黑色金属材料类,钢铁智能冶金技术,
0,工学学士,0,0,职业本科,能源动力与材料大类,黑色金属材料类,钢铁智能轧制技术,四年
0,工学学士,0,0,职业本科,能源动力与材料大类,有色金属材料类,材料化冶金应用技术,
0,工学学士,0,0,职业本科,能源动力与材料大类,有色金属材料类,金属智能成型技术,
0,工学学士,0,0,职业本科,能源动力与材料大类,有色金属材料类,储能材料工程技术,
0,工学学士,0,0,职业本科,能源动力与材料大类,非金属材料类,高分子材料工程技术,
0,工学学士,0,0,职业本科,能源动力与材料大类,非金属材料类,新材料与应用技术,
0,工学学士,0,0,职业本科,能源动力与材料大类,建筑材料类,建筑材料智能制造,
0,工学学士,0,0,职业本科,土木建筑大类,建筑设计类,建筑设计,
0,工学学士,0,0,职业本科,土木建筑大类,建筑设计类,建筑装饰工程,
0,工学学士,0,0,职业本科,土木建筑大类,建筑设计类,古建筑工程,
0,工学学士,0,0,职业本科,土木建筑大类,建筑设计类,园林景观工程,
0,工学学士,0,0,职业本科,土木建筑大类,建筑设计类,城市设计数字技术,
0,工学学士,0,0,职业本科,土木建筑大类,城乡规划与管理类,城乡规划,
0,工学学士,0,0,职业本科,土木建筑大类,土建施工类,建筑工程,
0,工学学士,0,0,职业本科,土木建筑大类,土建施工类,智能建造工程,
0,工学学士,0,0,职业本科,土木建筑大类,土建施工类,城市地下工程,
0,工学学士,0,0,职业本科,土木建筑大类,土建施工类,建筑智能检测与修复,
0,工学学士,0,0,职业本科,土木建筑大类,建筑设备类,建筑环境与能源工程,
0,工学学士,0,0,职业本科,土木建筑大类,建筑设备类,建筑电气与智能化工程,
0,工学学士,管理学学士,0,0,职业本科,土木建筑大类,建设工程管理类,工程造价,
0,工学学士,管理学学士,0,0,职业本科,土木建筑大类,建设工程管理类,建设工程管理,
0,工学学士,0,0,职业本科,土木建筑大类,市政工程类,市政工程,
0,工学学士,管理学学士,0,0,职业本科,土木建筑大类,市政工程类,城市设施智慧管理,
0,工学学士,0,0,职业本科,土木建筑大类,市政工程类,给排水工程,四年
0,管理学学士,经济学学士,0,0,职业本科,土木建筑大类,房地产类,房地产投资与策划,
0,管理学学士,0,0,职业本科,土木建筑大类,房地产类,现代物业管理,
0,工学学士,0,0,职业本科,水利大类,水文水资源类,水文与水资源工程技术,
0,工学学士,0,0,职业本科,水利大类,水利工程与管理类,智慧水利工程,
0,工学学士,0,0,职业本科,水利大类,水利工程与管理类,农业水利工程,
0,工学学士,0,0,职业本科,水利大类,水利工程与管理类,水利水电工程,
0,工学学士,0,0,职业本科,水利大类,水利工程与管理类,治河与港航工程,
0,工学学士,0,0,职业本科,水利大类,水利水电设备类,水利水电设备及自动化,
0,工学学士,0,0,职业本科,水利大类,水土保持与水环境类,生态水利工程,
0,工学学士,0,0,职业本科,水利大类,水土保持与水环境类,水环境工程,
0,工学学士,0,0,职业本科,装备制造大类,机械设计制造类,机械设计制造及自动化,
0,工学学士,0,0,职业本科,装备制造大类,机械设计制造类,智能制造工程技术,
0,工学学士,0,0,职业本科,装备制造大类,机械设计制造类,数控技术,
0,工学学士,0,0,职业本科,装备制造大类,机械设计制造类,工业设计,
0,工学学士,0,0,职业本科,装备制造大类,机械设计制造类,工业工程技术,
0,工学学士,0,0,职业本科,装备制造大类,机械设计制造类,材料成型及控制工程,
0,工学学士,0,0,职业本科,装备制造大类,机电设备类,装备智能化技术,
0,工学学士,0,0,职业本科,装备制造大类,机电设备类,制冷与空调工程,
0,工学学士,0,0,职业本科,装备制造大类,机电设备类,电梯工程技术,
0,工学学士,0,0,职业本科,装备制造大类,自动化类,机械电子工程技术,
0,工学学士,0,0,职业本科,装备制造大类,自动化类,电气工程及自动化,
0,工学学士,0,0,职业本科,装备制造大类,自动化类,智能控制技术,
0,工学学士,0,0,职业本科,装备制造大类,自动化类,机器人技术,
0,工学学士,0,0,职业本科,装备制造大类,自动化类,自动化技术与应用,
0,工学学士,0,0,职业本科,装备制造大类,自动化类,现代测控工程技术,
0,工学学士,0,0,职业本科,装备制造大类,自动化类,工业互联网工程,
0,工学学士,0,0,职业本科,装备制造大类,轨道装备类,轨道交通车辆工程技术,
0,工学学士,0,0,职业本科,装备制造大类,轨道装备类,轨道交通智能控制装备技术,
0,工学学士,0,0,职业本科,装备制造大类,船舶与海洋工程装备类,船舶智能制造技术,
0,工学学士,0,0,职业本科,装备制造大类,船舶与海洋工程装备类,船舶动力工程技术,
0,工学学士,0,0,职业本科,装备制造大类,船舶与海洋工程装备类,船舶电气工程技术,
0,工学学士,0,0,职业本科,装备制造大类,航空装备类,航空智能制造技术,
0,工学学士,0,0,职业本科,装备制造大类,航空装备类,飞行器维修工程技术,
0,工学学士,0,0,职业本科,装备制造大类,航空装备类,航空动力装置维修技术,
0,工学学士,0,0,职业本科,装备制造大类,航空装备类,无人机系统应用技术,
0,工学学士,0,0,职业本科,装备制造大类,汽车制造类,汽车工程技术,
0,工学学士,0,0,职业本科,装备制造大类,汽车制造类,新能源汽车工程技术,
0,工学学士,0,0,职业本科,装备制造大类,汽车制造类,智能网联汽车工程技术,
0,理学学士,0,0,职业本科,生物与化工大类,生物技术类,生物检验检测技术,
0,工学学士,0,0,职业本科,生物与化工大类,生物技术类,合成生物技术,
0,农学学士,工学学士,0,0,职业本科,生物与化工大类,生物技术类,农业生物技术,
0,工学学士,0,0,职业本科,生物与化工大类,化工技术类,应用化工技术,
0,工学学士,0,0,职业本科,生物与化工大类,化工技术类,化工智能制造工程技术,
0,工学学士,0,0,职业本科,生物与化工大类,化工技术类,现代精细化工技术,
0,工学学士,0,0,职业本科,生物与化工大类,化工技术类,现代分析测试技术,
0,工学学士,0,0,职业本科,轻工纺织大类,轻化工类,化妆品工程技术,
0,工学学士,0,0,职业本科,轻工纺织大类,轻化工类,现代造纸工程技术,
0,工学学士,0,0,职业本科,轻工纺织大类,轻化工类,珠宝首饰工程技术,四年
0,工学学士,0,0,职业本科,轻工纺织大类,包装类,包装工程技术,
0,工学学士,0,0,职业本科,轻工纺织大类,印刷类,数字印刷工程,
0,工学学士,0,0,职业本科,轻工纺织大类,纺织服装类,现代纺织工程技术,
0,工学学士,0,0,职业本科,轻工纺织大类,纺织服装类,服装工程技术,
0,工学学士,0,0,职业本科,轻工纺织大类,纺织服装类,数字化染整技术,四年
0,工学学士,0,0,职业本科,食品药品与粮食大类,食品类,食品工程技术,
0,工学学士,0,0,职业本科,食品药品与粮食大类,食品类,食品质量与安全,
0,工学学士,0,0,职业本科,食品药品与粮食大类,食品类,食品营养与健康,
0,工学学士,0,0,职业本科,食品药品与粮食大类,药品与医疗器械类,制药工程技术,
0,理学学士,管理学学士,0,0,职业本科,食品药品与粮食大类,药品与医疗器械类,药品质量管理,
0,工学学士,0,0,职业本科,食品药品与粮食大类,药品与医疗器械类,医疗器械工程技术,
0,理学学士,管理学学士,0,0,职业本科,食品药品与粮食大类,药品与医疗器械类,药事服务与管理,
0,工学学士,0,0,职业本科,食品药品与粮食大类,药品与医疗器械类,药物分析,四年
0,工学学士,0,0,职业本科,食品药品与粮食大类,药品与医疗器械类,药物制剂,四年
0,工学学士,0,0,职业本科,食品药品与粮食大类,药品与医疗器械类,康复工程技术,四年
0,工学学士,0,0,职业本科,食品药品与粮食大类,粮食类,现代粮食工程技术,
0,工学学士,0,0,职业本科,交通运输大类,铁道运输类,高速铁路工程,
0,工学学士,0,0,职业本科,交通运输大类,铁道运输类,高速铁路动车组技术,
0,工学学士,0,0,职业本科,交通运输大类,铁道运输类,高速铁路信号控制技术,
0,工学学士,0,0,职业本科,交通运输大类,铁道运输类,铁道机车智能运用技术,
0,工学学士,管理学学士,0,0,职业本科,交通运输大类,铁道运输类,高速铁路运营管理,
0,工学学士,0,0,职业本科,交通运输大类,铁道运输类,高速铁路通信技术,四年
0,工学学士,0,0,职业本科,交通运输大类,铁道运输类,高速铁路智能供电技术,四年
0,工学学士,0,0,职业本科,交通运输大类,道路运输类,道路与桥梁工程,
0,工学学士,管理学学士,0,0,职业本科,交通运输大类,道路运输类,智能交通管理,
0,工学学士,0,0,职业本科,交通运输大类,道路运输类,汽车服务工程技术,
0,工学学士,0,0,职业本科,交通运输大类,道路运输类,道路工程智能检测,四年
0,工学学士,0,0,职业本科,交通运输大类,水上运输类,航海技术,
0,工学学士,0,0,职业本科,交通运输大类,水上运输类,港口智能工程技术,
0,工学学士,0,0,职业本科,交通运输大类,水上运输类,轮机工程技术,
0,管理学学士,0,0,职业本科,交通运输大类,水上运输类,国际邮轮运营管理,
0,管理学学士,工学学士,0,0,职业本科,交通运输大类,水上运输类,水路运输与海事管理,
0,管理学学士,0,0,职业本科,交通运输大类,航空运输类,民航运输服务与管理,
0,工学学士,0,0,职业本科,交通运输大类,航空运输类,航空机电设备维修技术,
0,工学学士,管理学学士,0,0,职业本科,交通运输大类,航空运输类,智慧机场运行与管理,
0,工学学士,0,0,职业本科,交通运输大类,航空运输类,通用航空航务技术,
0,工学学士,0,0,职业本科,交通运输大类,城市轨道交通类,城市轨道交通信号与控制技术,
0,工学学士,0,0,职业本科,交通运输大类,城市轨道交通类,城市轨道交通设备与控制技术,
0,工学学士,0,0,职业本科,交通运输大类,城市轨道交通类,城市轨道交通智能运营,
0,管理学学士,工学学士,0,0,职业本科,交通运输大类,邮政类,邮政快递管理,
0,工学学士,0,0,职业本科,电子与信息大类,电子信息类,电子信息工程技术,
0,工学学士,0,0,职业本科,电子与信息大类,电子信息类,物联网工程技术,
0,工学学士,0,0,职业本科,电子与信息大类,电子信息类,柔性电子技术,
0,工学学士,0,0,职业本科,电子与信息大类,电子信息类,光电信息工程技术,
0,工学学士,0,0,职业本科,电子与信息大类,计算机类,计算机应用工程,
0,工学学士,0,0,职业本科,电子与信息大类,计算机类,网络工程技术,
0,工学学士,0,0,职业本科,电子与信息大类,计算机类,软件工程技术,
0,工学学士,0,0,职业本科,电子与信息大类,计算机类,数字媒体技术,
0,工学学士,0,0,职业本科,电子与信息大类,计算机类,大数据工程技术,
0,工学学士,0,0,职业本科,电子与信息大类,计算机类,云计算技术,
0,工学学士,管理学学士,0,0,职业本科,电子与信息大类,计算机类,信息安全与管理,
0,工学学士,0,0,职业本科,电子与信息大类,计算机类,虚拟现实技术,
0,工学学士,0,0,职业本科,电子与信息大类,计算机类,人工智能工程技术,
0,工学学士,0,0,职业本科,电子与信息大类,计算机类,嵌入式技术,
0,工学学士,0,0,职业本科,电子与信息大类,计算机类,工业互联网技术,
0,工学学士,0,0,职业本科,电子与信息大类,计算机类,区块链技术,
0,工学学士,0,0,职业本科,电子与信息大类,通信类,现代通信工程,
0,工学学士,0,0,职业本科,电子与信息大类,通信类,通信软件工程,四年
0,工学学士,0,0,职业本科,电子与信息大类,通信类,卫星通信工程,四年
0,工学学士,0,0,职业本科,电子与信息大类,集成电路类,集成电路工程技术,
0,理学学士,0,0,职业本科,医药卫生大类,护理类,护理,
0,理学学士,0,0,职业本科,医药卫生大类,药学类,药学,
0,理学学士,0,0,职业本科,医药卫生大类,中医药类,中药制药,
0,理学学士,0,0,职业本科,医药卫生大类,中医药类,中药学,四年
0,理学学士,工学学士,0,0,职业本科,医药卫生大类,中医药类,中药材生产与加工,四年
0,理学学士,工学学士,0,0,职业本科,医药卫生大类,医学技术类,医学检验技术,
0,理学学士,工学学士,0,0,职业本科,医药卫生大类,医学技术类,医学影像技术,
0,理学学士,工学学士,0,0,职业本科,医药卫生大类,医学技术类,医学生物技术,
0,理学学士,工学学士,0,0,职业本科,医药卫生大类,医学技术类,口腔医学技术,
0,理学学士,工学学士,0,0,职业本科,医药卫生大类,医学技术类,放射治疗技术,
0,理学学士,工学学士,0,0,职业本科,医药卫生大类,医学技术类,呼吸治疗技术,
0,理学学士,0,0,职业本科,医药卫生大类,康复治疗类,康复治疗,
0,工学学士,0,0,职业本科,医药卫生大类,康复治疗类,康复辅助器具技术,
0,理学学士,0,0,职业本科,医药卫生大类,康复治疗类,言语听觉治疗技术,
0,理学学士,0,0,职业本科,医药卫生大类,康复治疗类,儿童康复治疗,
0,管理学学士,0,0,职业本科,医药卫生大类,公共卫生与卫生管理类,公共卫生管理,
0,工学学士,0,0,职业本科,医药卫生大类,公共卫生与卫生管理类,职业卫生工程技术,
0,理学学士,工学学士,0,0,职业本科,医药卫生大类,公共卫生与卫生管理类,职业病危害检测评价技术,
0,管理学学士,0,0,职业本科,医药卫生大类,健康管理与促进类,健康管理,
0,管理学学士,0,0,职业本科,医药卫生大类,健康管理与促进类,婴幼儿发展与健康管理,
0,管理学学士,0,0,职业本科,医药卫生大类,健康管理与促进类,医养照护与管理,
0,理学学士,工学学士,0,0,职业本科,医药卫生大类,眼视光类,眼视光技术,
0,经济学学士,管理学学士,0,0,职业本科,财经商贸大类,财政税务类,财税大数据应用,
0,管理学学士,0,0,职业本科,财经商贸大类,财政税务类,政府采购管理,四年
0,管理学学士,0,0,职业本科,财经商贸大类,财政税务类,资产评估与管理,四年
0,经济学学士,管理学学士,0,0,职业本科,财经商贸大类,金融类,金融管理,
0,经济学学士,0,0,职业本科,财经商贸大类,金融类,金融科技应用,
0,经济学学士,0,0,职业本科,财经商贸大类,金融类,保险,
0,经济学学士,管理学学士,0,0,职业本科,财经商贸大类,金融类,信用管理,
0,管理学学士,0,0,职业本科,财经商贸大类,财务会计类,大数据与财务管理,
0,管理学学士,0,0,职业本科,财经商贸大类,财务会计类,大数据与会计,
0,管理学学士,0,0,职业本科,财经商贸大类,财务会计类,大数据与审计,
0,经济学学士,0,0,职业本科,财经商贸大类,财政税务类,统计与大数据分析,四年
0,经济学学士,0,0,职业本科,财经商贸大类,经济贸易类,国际经济与贸易,
0,经济学学士,0,0,职业本科,财经商贸大类,经济贸易类,国际商务,四年
0,管理学学士,0,0,职业本科,财经商贸大类,工商管理类,企业数字化管理,
0,管理学学士,0,0,职业本科,财经商贸大类,工商管理类,市场营销,
0,管理学学士,0,0,职业本科,财经商贸大类,工商管理类,品牌策划与运营,四年
0,管理学学士,工学学士,经济学学士,0,0,职业本科,财经商贸大类,电子商务类,电子商务,
0,管理学学士,工学学士,经济学学士,0,0,职业本科,财经商贸大类,电子商务类,跨境电子商务,
0,管理学学士,经济学学士,0,0,职业本科,财经商贸大类,电子商务类,全媒体电商运营,
0,管理学学士,0,0,职业本科,财经商贸大类,电子商务类,商务数据分析与管理,四年
0,工学学士,0,0,职业本科,财经商贸大类,物流类,物流工程技术,
0,管理学学士,0,0,职业本科,财经商贸大类,物流类,现代物流管理,
0,管理学学士,0,0,职业本科,财经商贸大类,物流类,供应链管理,四年
0,管理学学士,0,0,职业本科,旅游大类,旅游类,旅游管理,
0,管理学学士,0,0,职业本科,旅游大类,旅游类,酒店管理,
0,管理学学士,0,0,职业本科,旅游大类,旅游类,旅游规划与设计,
0,管理学学士,0,0,职业本科,旅游大类,旅游类,研学旅行策划与管理,四年
0,管理学学士,工学学士,0,0,职业本科,旅游大类,餐饮类,烹饪与餐饮管理,
0,艺术学学士,0,0,职业本科,文化艺术大类,艺术设计类,工艺美术,
0,艺术学学士,0,0,职业本科,文化艺术大类,艺术设计类,视觉传达设计,
0,艺术学学士,0,0,职业本科,文化艺术大类,艺术设计类,数字媒体艺术,
0,艺术学学士,0,0,职业本科,文化艺术大类,艺术设计类,产品设计,
0,艺术学学士,0,0,职业本科,文化艺术大类,艺术设计类,服装与服饰设计,
0,艺术学学士,0,0,职业本科,文化艺术大类,艺术设计类,环境艺术设计,
0,艺术学学士,0,0,职业本科,文化艺术大类,艺术设计类,美术,
0,艺术学学士,0,0,职业本科,文化艺术大类,艺术设计类,公共艺术设计,
0,艺术学学士,0,0,职业本科,文化艺术大类,艺术设计类,游戏创意设计,
0,艺术学学士,0,0,职业本科,文化艺术大类,艺术设计类,展示艺术设计,
0,艺术学学士,0,0,职业本科,文化艺术大类,艺术设计类,数字影像设计,
0,艺术学学士,0,0,职业本科,文化艺术大类,艺术设计类,时尚品设计,
0,艺术学学士,0,0,职业本科,文化艺术大类,表演艺术类,音乐表演,
0,艺术学学士,0,0,职业本科,文化艺术大类,表演艺术类,舞蹈表演与编导,
0,艺术学学士,0,0,职业本科,文化艺术大类,表演艺术类,戏曲表演,
0,艺术学学士,0,0,职业本科,文化艺术大类,表演艺术类,舞台艺术设计,
0,艺术学学士,0,0,职业本科,文化艺术大类,表演艺术类,戏剧影视表演,四年
0,历史学学士,艺术学学士,工学学士,0,0,职业本科,文化艺术大类,文化服务类,文物修复与保护,
0,管理学学士,艺术学学士,0,0,职业本科,文化艺术大类,文化服务类,公共文化管理,四年
0,管理学学士,艺术学学士,0,0,职业本科,文化艺术大类,文化服务类,文化创意产业管理,四年
0,文学学士,0,0,职业本科,新闻传播大类,新闻出版类,网络与新媒体,
0,艺术学学士,0,0,职业本科,新闻传播大类,广播影视类,播音与主持,
0,艺术学学士,0,0,职业本科,新闻传播大类,广播影视类,影视摄影与制作,
0,工学学士,0,0,职业本科,新闻传播大类,广播影视类,数字广播电视技术,
0,艺术学学士,0,0,职业本科,新闻传播大类,广播影视类,影视编导,
0,文学学士,0,0,职业本科,新闻传播大类,广播影视类,全媒体新闻采编与制作,
0,艺术学学士,0,0,职业本科,新闻传播大类,广播影视类,数字动画,
0,教育学学士,0,0,职业本科,教育与体育大类,教育类,学前教育,
0,文学学士,0,0,职业本科,教育与体育大类,语言类,应用英语,
0,文学学士,0,0,职业本科,教育与体育大类,语言类,应用日语,
0,文学学士,0,0,职业本科,教育与体育大类,语言类,应用韩语,
0,文学学士,0,0,职业本科,教育与体育大类,语言类,应用俄语,
0,文学学士,0,0,职业本科,教育与体育大类,语言类,应用泰语,
0,文学学士,0,0,职业本科,教育与体育大类,语言类,应用外语,
0,文学学士,0,0,职业本科,教育与体育大类,语言类,应用西班牙语,
0,文学学士,教育学学士,0,0,职业本科,教育与体育大类,语言类,中文国际教育,
0,文学学士,0,0,职业本科,教育与体育大类,语言类,应用法语,四年
0,管理学学士,教育学学士,0,0,职业本科,教育与体育大类,体育类,社会体育指导与管理,
0,教育学学士,0,0,职业本科,教育与体育大类,体育类,休闲体育,
0,教育学学士,0,0,职业本科,教育与体育大类,体育类,体能训练,
0,管理学学士,0,0,职业本科,教育与体育大类,体育类,电子竞技技术与管理,
0,工学学士,0,0,职业本科,公安与司法大类,公安技术类,刑事科学技术,
0,法学学士,工学学士,0,0,职业本科,公安与司法大类,公安技术类,网络安全与执法,
0,法学学士,0,0,职业本科,公安与司法大类,侦查类,刑事侦查,
0,法学学士,0,0,职业本科,公安与司法大类,法律实务类,法律,
0,法学学士,管理学学士,0,0,职业本科,公安与司法大类,法律执行类,刑事矫正与管理,
0,法学学士,管理学学士,0,0,职业本科,公安与司法大类,法律执行类,司法警务管理,
0,法学学士,管理学学士,0,0,职业本科,公安与司法大类,法律执行类,综合行政执法,
0,工学学士,法学学士,0,0,职业本科,公安与司法大类,司法技术类,智慧司法技术与应用,
0,工学学士,法学学士,0,0,职业本科,公安与司法大类,安全防范类,数字安防技术,
0,法学学士,管理学学士,0,0,职业本科,公安与司法大类,安全防范类,国际安保服务与管理,
0,法学学士,0,0,职业本科,公共管理与服务大类,公共事业类,社会工作,
0,法学学士,0,0,职业本科,公共管理与服务大类,公共事业类,党务工作,
0,管理学学士,0,0,职业本科,公共管理与服务大类,公共事业类,智慧社区管理,
0,管理学学士,0,0,职业本科,公共管理与服务大类,公共事业类,慈善管理,四年
0,管理学学士,0,0,职业本科,公共管理与服务大类,公共管理类,民政管理,
0,管理学学士,0,0,职业本科,公共管理与服务大类,公共管理类,人力资源管理,
0,管理学学士,0,0,职业本科,公共管理与服务大类,公共管理类,行政管理,
0,管理学学士,0,0,职业本科,公共管理与服务大类,公共管理类,外事实务,
0,管理学学士,0,0,职业本科,公共管理与服务大类,公共管理类,婚姻服务与管理,四年
0,管理学学士,法学学士,0,0,职业本科,公共管理与服务大类,公共管理类,标准化技术,四年
0,管理学学士,0,0,职业本科,公共管理与服务大类,公共服务类,现代家政管理,
0,管理学学士,0,0,职业本科,公共管理与服务大类,公共服务类,智慧健康养老管理,
0,管理学学士,0,0,职业本科,公共管理与服务大类,公共服务类,现代殡葬管理,四年
0,管理学学士,0,0,职业本科,公共管理与服务大类,文秘类,现代文秘,四年
